# x_m,y_m
7.326104352323476121e+00,0.000000000000000000e+00
7.316429985754935750e+00,6.410113765073775782e-02
7.306914315191576748e+00,1.282260174562167010e-01
7.297575866105466602e+00,1.923769389473900249e-01
7.288432014423020355e+00,2.565558832615128515e-01
7.279498852505364326e+00,3.207644938391495670e-01
7.270795895348564741e+00,3.850047082781178909e-01
7.262332280167485443e+00,4.492768831206980784e-01
7.254118892713273148e+00,5.135815055348692537e-01
7.246165355466377633e+00,5.779187806785685000e-01
7.238479454485172049e+00,6.422885782877827410e-01
7.231067065158955032e+00,7.066904516746475018e-01
7.223937307368888838e+00,7.711242263617187342e-01
7.217087198260558445e+00,8.355883218814302849e-01
7.210516177025373175e+00,9.000814586761233249e-01
7.204221998592715615e+00,9.646022028155126771e-01
7.198200412491910782e+00,1.029148963851476362e+00
7.192445202239636792e+00,1.093720031364518119e+00
7.186952467562711000e+00,1.158313960781703456e+00
7.181708826611676422e+00,1.222928585622520492e+00
7.176701293675192161e+00,1.287561937601399586e+00
7.171916398116987779e+00,1.352212158059495462e+00
7.167339140767600369e+00,1.416877419525913506e+00
7.162954843852943121e+00,1.481556057983833163e+00
7.158746318387095187e+00,1.546246373908167326e+00
7.154691530659467169e+00,1.610946510063949511e+00
7.150770493454370325e+00,1.675654894191705546e+00
7.146962356247672510e+00,1.740370025911978757e+00
7.143247424006437640e+00,1.805090577912273231e+00
7.139600450205058735e+00,1.869814996440099408e+00
7.135998202032490134e+00,1.934541921229188111e+00
7.132417489777338915e+00,1.999270041799397601e+00
7.128833699537085344e+00,2.063997991918101960e+00
7.125222228723787410e+00,2.128724402374642999e+00
7.121559301673917375e+00,2.193447919505248311e+00
7.117818134965593124e+00,2.258166958938962576e+00
7.113974375296187702e+00,2.322879981214618361e+00
7.110005583491827430e+00,2.387585451552245885e+00
7.105882804421121968e+00,2.452281289027612665e+00
7.101582922293998124e+00,2.516965586862517590e+00
7.097085873805224487e+00,2.581636472616317235e+00
7.092357374652091373e+00,2.646290840890651364e+00
7.087382240569596981e+00,2.710926681547639827e+00
7.082135911450703425e+00,2.775541074578440792e+00
7.076586827158620530e+00,2.840130155100446530e+00
7.070725859491499676e+00,2.904691673432666654e+00
7.064513491464869510e+00,2.969220318957652260e+00
7.057941784961456300e+00,3.033713333381184540e+00
7.050981612538854471e+00,3.098165580978912370e+00
7.043611168007117840e+00,3.162572172992887953e+00
7.035816792693048605e+00,3.226928840676236643e+00
7.027563215806251762e+00,3.291228202941378189e+00
7.018851411046576061e+00,3.355467087100420631e+00
7.009634109500813004e+00,3.419635367692984929e+00
6.999925067854635863e+00,3.483731085489351287e+00
6.989667403450589234e+00,3.547741276320052872e+00
6.978883873144186900e+00,3.611664964078390661e+00
6.967514368287470283e+00,3.675487019329286564e+00
6.955585255714671788e+00,3.739206833989152212e+00
6.943034305443772425e+00,3.802807070351712948e+00
6.929892090090532086e+00,3.866287751065443867e+00
6.916094855448006840e+00,3.929629272357702430e+00
6.901674553012434821e+00,3.992831840133227672e+00
6.886572316811198746e+00,4.055874909231878434e+00
6.870814313343069912e+00,4.118757257440813113e+00
6.854351986892826432e+00,4.181458864798172748e+00
6.837201329108803627e+00,4.243975694225195383e+00
6.819328530819038114e+00,4.306289872483855419e+00
6.800735154634461210e+00,4.368392854606920395e+00
6.781406379389413708e+00,4.430270859545062834e+00
6.761325347496011773e+00,4.491908851816242887e+00
6.740500152017471436e+00,4.553299389973776812e+00
6.718891896392883645e+00,4.614418704782058178e+00
6.696535096187680836e+00,4.675268209736254121e+00
6.673365659439038922e+00,4.735812938093246771e+00
6.649434160679065897e+00,4.796060472529537044e+00
6.624688798517983201e+00,4.855978286755718187e+00
6.599156480879569742e+00,4.915565003775943076e+00
6.572815192145703200e+00,4.974798504810142852e+00
6.545663023750107889e+00,5.033664727825613028e+00
6.517710806900955944e+00,5.092155273806882043e+00
6.488926075694674722e+00,5.150240650776917839e+00
6.459352405618730586e+00,5.207928367927688207e+00
6.428930443254212257e+00,5.265173254320735019e+00
6.397717199168085678e+00,5.321990510893798820e+00
6.365673623517986712e+00,5.378343611313640693e+00
6.332824228874337713e+00,5.434230821479523854e+00
6.299165860408017181e+00,5.489634556125362330e+00
6.264690233927330709e+00,5.544533495026254144e+00
6.229430070022496047e+00,5.598931888158309000e+00
6.193344525486486951e+00,5.652786312267333635e+00
6.156491132735812499e+00,5.706118208883881771e+00
6.118828691185271396e+00,5.758881844414735163e+00
6.080400959483597489e+00,5.811090740599595073e+00
6.041196146669953748e+00,5.862718625659152138e+00
6.001225350699008310e+00,5.913755812868952688e+00
5.960511534921497656e+00,5.964202265179669560e+00
5.919034389155912734e+00,6.014023034008158852e+00
5.876846164800949346e+00,6.063243149044926561e+00
5.833908201961729212e+00,6.111810593057664498e+00
5.790277162734619232e+00,6.159756337047130437e+00
5.745936021392527238e+00,6.207046106966675580e+00
5.700910383277371096e+00,6.253684651763939506e+00
5.655215141561787284e+00,6.299667325856607825e+00
5.608846799135010386e+00,6.344971218250823775e+00
5.561849794670788327e+00,6.389622682470466053e+00
5.514193724445960676e+00,6.433570064123963483e+00
5.465937713330812464e+00,6.476857790626660005e+00
5.417063619837371391e+00,6.519446419610488874e+00
5.367605808793896927e+00,6.561355788288707025e+00
5.317572884074359685e+00,6.602576850928524976e+00
5.266973249385813460e+00,6.643100315419224522e+00
5.215840658513991812e+00,6.682949231993022821e+00
5.164160132431390160e+00,6.722084951232694117e+00
5.111980789829249971e+00,6.760553091089024136e+00
5.059287567912900130e+00,6.798314258318592707e+00
5.006118288577987130e+00,6.835402126492287067e+00
4.952476613935567151e+00,6.871803396313335810e+00
4.898378313020453234e+00,6.907522575308171930e+00
4.843847294947778437e+00,6.942577619842901449e+00
4.788880023194497682e+00,6.976944625923900745e+00
4.733515219002215169e+00,7.010667522332588497e+00
4.677740240370074076e+00,7.043707621397536478e+00
4.621593099121720449e+00,7.076111240127757718e+00
4.565072714155147260e+00,7.107859340132852921e+00
4.508199444813879353e+00,7.138970917404947159e+00
4.450987495286894635e+00,7.169455218824864140e+00
4.393442218510415387e+00,7.199305594242875195e+00
4.335590412824987361e+00,7.228557531312002737e+00
4.277424929729036762e+00,7.257180709898524817e+00
4.218978575812103671e+00,7.285225917757315095e+00
4.160246262798521499e+00,7.312667234900880331e+00
4.101251912394378252e+00,7.339540616818125862e+00
4.041999796034441594e+00,7.365840783995967200e+00
3.982502795615039837e+00,7.391582232467146518e+00
3.922773804652794460e+00,7.416780715933373180e+00
3.862816742038409856e+00,7.441431674183611733e+00
3.802651139061329122e+00,7.465569224243056468e+00
3.742273806984396600e+00,7.489172212301909326e+00
3.681707609254226909e+00,7.512286277350414210e+00
3.620948561345477934e+00,7.534888560946192193e+00
3.560015968373218875e+00,7.557018746918043206e+00
3.498910122326105210e+00,7.578665957652177987e+00
3.437644014566988204e+00,7.599855392668278142e+00
3.376222230140314640e+00,7.620589240960557120e+00
3.314652787368622455e+00,7.640880472699637771e+00
3.252943363324336978e+00,7.660741927624436620e+00
3.191098138507594495e+00,7.680176452796864339e+00
3.129126886064637514e+00,7.699205291915243166e+00
3.067030893702024308e+00,7.717823090630212768e+00
3.004821221777608464e+00,7.736057450761466114e+00
2.942497037918649472e+00,7.753896528336979621e+00
2.880070048084982126e+00,7.771372460006844562e+00
2.817537919738868801e+00,7.788468399498484906e+00
2.754912435996707654e+00,7.805219151492034158e+00
2.692190471466162638e+00,7.821604958277580621e+00
2.629383016033726594e+00,7.837659968388239307e+00
2.566487442643389461e+00,7.853366240179058266e+00
2.503512997682822760e+00,7.868753244442601158e+00
2.440457645698920430e+00,7.883805265373691640e+00
2.377329299408023733e+00,7.898548169033039024e+00
2.314126213480208971e+00,7.912967296629340730e+00
2.250855297567679880e+00,7.927085833417075733e+00
2.187514869423503594e+00,7.940889164482033635e+00
2.124111102941348417e+00,7.954398594994162686e+00
2.060642212000095785e+00,7.967598672254561976e+00
1.997113852585477689e+00,7.980509527000063663e+00
1.933524015817644992e+00,7.993114092835126527e+00
1.869878019715952577e+00,8.005431964973080738e+00
1.806173552283239170e+00,8.017443767767087337e+00
1.742415744718173842e+00,8.029169159688867907e+00
1.678601933002917823e+00,8.040585817235669452e+00
1.614737190366671404e+00,8.051714043241421592e+00
1.550818479063488464e+00,8.062527967090565184e+00
1.486850726486439900e+00,8.073047891394086406e+00
1.422831118999787980e+00,8.083247496282915279e+00
1.358763932818715992e+00,8.093143811871181370e+00
1.294646817600158650e+00,8.102711305222353388e+00
1.230483463679339806e+00,8.111963573283009765e+00
1.166272036775444887e+00,8.120876102785457462e+00
1.102015713448157186e+00,8.129458888611534206e+00
1.037713228562734180e+00,8.137688707231999885e+00
9.733673254719259482e-01,8.145571771678612905e+00
9.089773590198040321e-01,8.153086454277678641e+00
8.445457306192012403e-01,8.160234996554686759e+00
7.800724603605441176e-01,8.166997704151990334e+00
7.155597121298103991e-01,8.173372651233210107e+00
6.510082072529421726e-01,8.179342438697780437e+00
5.864199919908537062e-01,8.184900776481573104e+00
5.217965118057581453e-01,8.190032939443163684e+00
4.571398327145491103e-01,8.194728080985674623e+00
3.924521304469502092e-01,8.198974538034569548e+00
3.277356471192679477e-01,8.202756724640684283e+00
2.629932746661357568e-01,8.206066431348652657e+00
1.982276075338760823e-01,8.208883162969057068e+00
1.334422164574464720e-01,8.211202554848304302e+00
6.864024475143289117e-02,8.212999047000973718e+00
3.825878247457694531e-03,8.214272509137527933e+00
-6.099697396258915716e-02,8.214992174347905518e+00
-1.258236038900528153e-01,8.215162536014393169e+00
-1.906490994647485615e-01,8.214747488450520052e+00
-2.554683558568139889e-01,8.213756541437810199e+00
-3.202752004975573663e-01,8.212148123910978370e+00
-3.850642929824895089e-01,8.209937163544774208e+00
-4.498279220343610052e-01,8.207076496272794230e+00
-5.145607130869982448e-01,8.203586884039127725e+00
-5.792531163600892485e-01,8.199415434464095043e+00
-6.438999695910863075e-01,8.194589180814142892e+00
-7.084895616189016421e-01,8.189049353289115984e+00
-7.730172395632248783e-01,8.182829718507033334e+00
-8.374687828734832529e-01,8.175865461800459144e+00
-9.018403658505723675e-01,8.168197285228497861e+00
-9.661149906512094265e-01,8.159755001128734975e+00
-1.030289597184947503e+00,8.150583509969560936e+00
-1.094345151361072244e+00,8.140614502463780155e+00
-1.158278552341337919e+00,8.129890172738914345e+00
-1.222069202710889924e+00,8.118347052514318207e+00
-1.285713765897283034e+00,8.106024098921883692e+00
-1.349190425209208399e+00,8.092863550126471850e+00
-1.412495360894451490e+00,8.078900549570381173e+00
-1.475605977908391653e+00,8.064083934082450611e+00
-1.538517669354316109e+00,8.048444427199017426e+00
-1.601207602700570831e+00,8.031938358743984097e+00
-1.663670021932891929e+00,8.014591416371546373e+00
-1.725882496759652662e+00,7.996368291495832281e+00
-1.787837703588394556e+00,7.977289031938240349e+00
-1.849514347268499614e+00,7.957327504231384019e+00
-1.910903066375744030e+00,7.936497546722278251e+00
-1.971984516618347616e+00,7.914782930721110610e+00
-2.032746784388640204e+00,7.892190770848452885e+00
-2.093173360151253881e+00,7.868715362864252327e+00
-2.153249229821567301e+00,7.844356656956018803e+00
-2.212961652645293764e+00,7.819119961686054943e+00
-2.272291943558789384e+00,7.792997709311738852e+00
-2.331232094569389179e+00,7.766006563512952710e+00
-2.389759169073530920e+00,7.738131180262926456e+00
-2.447870865111024141e+00,7.709399767887013866e+00
-2.505539415168019257e+00,7.679789044309727863e+00
-2.562769186504355368e+00,7.649338801163991342e+00
-2.619527011552478246e+00,7.618017747949495266e+00
-2.675824863553346589e+00,7.585877157935601467e+00
-2.731623621670137059e+00,7.552877741854650218e+00
-2.786943763603478175e+00,7.519082030887060952e+00
-2.841739679584192935e+00,7.484442810319698935e+00
-2.896038861818107879e+00,7.449030011800187090e+00
-2.949795722032623857e+00,7.412799220673013778e+00
-3.003036866008113037e+00,7.375814814390031948e+00
-3.055723592636335972e+00,7.338044721967062145e+00
-3.107876911916881646e+00,7.299541519138507795e+00
-3.159467502280395745e+00,7.260287427317870801e+00
-3.210509737506095806e+00,7.220322984680212386e+00
-3.260984937343024193e+00,7.179644617492981773e+00
-3.310899752750187552e+00,7.138280619047401743e+00
-3.360247415144323124e+00,7.096241504651760401e+00
-3.409025722269346748e+00,7.053543139901981007e+00
-3.457241093159791667e+00,7.010209994599653882e+00
-3.504881308349910185e+00,6.966245352150032488e+00
-3.551967244686000225e+00,6.921687483755444958e+00
-3.598475489631800972e+00,6.876526977417072750e+00
-3.644442027993975319e+00,6.830815137338391629e+00
-3.689832874533739648e+00,6.784531565924277530e+00
-3.734690722947338060e+00,6.737731268343461366e+00
-3.778993930422978043e+00,6.690405516708813671e+00
-3.822768954543270592e+00,6.642590830302866678e+00
-3.866015149480551472e+00,6.594297227270879524e+00
-3.908741353135445795e+00,6.545543002755564110e+00
-3.950969170108303175e+00,6.496356388942342797e+00
-3.992688779028414903e+00,6.446737980402288848e+00
-4.033938406747431316e+00,6.396728158695390576e+00
-4.074708409430438216e+00,6.346326510248117003e+00
-4.115029235614805714e+00,6.295564833366950275e+00
-4.154913804980306935e+00,6.244459596506974464e+00
-4.194368954429314122e+00,6.193022104104105807e+00
-4.233428696724487850e+00,6.141283688954222164e+00
-4.272096057651370238e+00,6.089251326000867159e+00
-4.310399671482436190e+00,6.036950619028255360e+00
-4.348364789782273476e+00,5.984403631976342730e+00
-4.385997545920654161e+00,5.931618082614851239e+00
-4.423335621342443069e+00,5.878623685142568611e+00
-4.460402048190090341e+00,5.825438892241030509e+00
-4.497210656218988412e+00,5.772075323573066186e+00
-4.533798696077087520e+00,5.718560282852569010e+00
-4.570191948034312723e+00,5.664912564134914952e+00
-4.606413523149727851e+00,5.611148769057434649e+00
-4.642495934884242281e+00,5.557291472494098272e+00
-4.678470019347839681e+00,5.503361749544301240e+00
-4.714365722017637594e+00,5.449379816169485302e+00
-4.750213644132612600e+00,5.395366137573122778e+00
-4.786047958197238827e+00,5.341343429087455519e+00
-4.821901246040174449e+00,5.287333312858460310e+00
-4.857806649513247699e+00,5.233357832986447633e+00
-4.893798224469997571e+00,5.179439780487818723e+00
-4.929912777513870914e+00,5.125604031791866966e+00
-4.966182672007873222e+00,5.071872833779766943e+00
-5.002641976567841375e+00,5.018270000411782839e+00
-5.039324523421839785e+00,4.964819714768101022e+00
-5.076263653577662183e+00,4.911546449863904762e+00
-5.113491941456921097e+00,4.858474867134609632e+00
-5.151040902725831927e+00,4.805629690922565089e+00
-5.188943049262669582e+00,4.753037271175565515e+00
-5.227226228525544194e+00,4.700721598322174621e+00
-5.265915260125742847e+00,4.648705394333169316e+00
-5.305034297032767299e+00,4.597011845991887391e+00
-5.344604953768780753e+00,4.545663226310033167e+00
-5.384646049124584444e+00,4.494680637683678981e+00
-5.425173382482607387e+00,4.444083745589810341e+00
-5.466199551662630718e+00,4.393890509829827984e+00
-5.507733819142784704e+00,4.344116921298952327e+00
-5.549782032003027332e+00,4.294776752892631499e+00
-5.592346599058481971e+00,4.245881333364574850e+00
-5.635426526502162581e+00,4.197439352666553880e+00
-5.679017511098056303e+00,4.149456706505751491e+00
-5.723112087710564566e+00,4.101936386575928850e+00
-5.767702523387214342e+00,4.054881004882682660e+00
-5.812776530542610232e+00,4.008288636370010316e+00
-5.858315297009473177e+00,3.962150439929245760e+00
-5.904300957854892395e+00,3.916457651991553046e+00
-5.950713774610855822e+00,3.871198794962607437e+00
-5.997532453980199740e+00,3.826359866786572805e+00
-6.044734464631824622e+00,3.781924568134197528e+00
-6.092303821845339584e+00,3.737882706446365333e+00
-6.140210509508898795e+00,3.694208028679049960e+00
-6.188427851289504567e+00,3.650876541506728579e+00
-6.236930988806194343e+00,3.607865136508344950e+00
-6.285702628888198085e+00,3.565158394280482756e+00
-6.334711868712195937e+00,3.522724525922658056e+00
-6.383931972086462459e+00,3.480535390453345368e+00
-6.433344978304871731e+00,3.438572320233395097e+00
-6.482923025117432125e+00,3.396804361028650909e+00
-6.532640927814262533e+00,3.355202948514286465e+00
-6.582481786585551831e+00,3.313748909562616252e+00
-6.632416501517102603e+00,3.272407966860074513e+00
-6.682427762670682725e+00,3.231159646344354819e+00
-6.732491248327118427e+00,3.189974721538642033e+00
-6.782587775943685671e+00,3.148829990271112766e+00
-6.832696132722372973e+00,3.107699664745662727e+00
-6.882796544898371671e+00,3.066559663294207372e+00
-6.932870615761081545e+00,3.025387606790911565e+00
-6.982896724758883344e+00,2.984157292940515127e+00
-7.032859791685354800e+00,2.942850613726516684e+00
-7.082738563035150925e+00,2.901442194630733606e+00
-7.132516343583739982e+00,2.859912438469238705e+00
-7.182178647068397481e+00,2.818244666992121061e+00
-7.231700208918450556e+00,2.776409737880991990e+00
-7.281071081763784036e+00,2.734397103013552766e+00
-7.330275645335093238e+00,2.692189814923540148e+00
-7.379287579401685448e+00,2.649759011028200106e+00
-7.428098132182668678e+00,2.607096732232959901e+00
-7.476692530582399243e+00,2.564188417112656104e+00
-7.525049680544953823e+00,2.521012908790301932e+00
-7.573149681465634053e+00,2.477551131958822150e+00
-7.620984033910323419e+00,2.433797191554945449e+00
-7.668536567018574779e+00,2.389737133609355357e+00
-7.715786606424511085e+00,2.345352830802557076e+00
-7.762711581328892940e+00,2.300625026237695270e+00
-7.809304702470298842e+00,2.255551694183218991e+00
-7.855549395731093121e+00,2.210120974485723977e+00
-7.901428935847490287e+00,2.164321505735320450e+00
-7.946919149412660310e+00,2.118135310594484011e+00
-7.992001122155548920e+00,2.071550598709364088e+00
-8.036665829790720750e+00,2.024565747642783631e+00
-8.080895790488527908e+00,1.977171453304021442e+00
-8.124673296430511726e+00,1.929358916031549409e+00
-8.167980402006433494e+00,1.881119845313823813e+00
-8.210787233080372616e+00,1.832436290754338559e+00
-8.253080669160858918e+00,1.783306151411788720e+00
-8.294847430080238837e+00,1.733727590132420948e+00
-8.336068494004242879e+00,1.683694456320118826e+00
-8.376724554385157617e+00,1.633201148636843403e+00
-8.416796015130477926e+00,1.582242627453792849e+00
-8.456262987273341025e+00,1.530814428631320778e+00
-8.495086139913103906e+00,1.478898515983297690e+00
-8.533262315683110444e+00,1.426505156506985950e+00
-8.570771441141538105e+00,1.373632302443459574e+00
-8.607592408704165976e+00,1.320277988200498909e+00
-8.643703826617763042e+00,1.266440914137724860e+00
-8.679084027788464439e+00,1.212120468178466304e+00
-8.713711081109508427e+00,1.157316748399521256e+00
-8.747543712125313675e+00,1.102019070358889907e+00
-8.780571958280454226e+00,1.046237358830594655e+00
-8.812778344034875033e+00,9.899772726602639183e-01
-8.844139996733169085e+00,9.332420462472394984e-01
-8.874633881032469418e+00,8.760357517569860031e-01
-8.904236828960703676e+00,8.183633245131544109e-01
-8.932925573443153411e+00,7.602305880141505545e-01
-8.960650420596536492e+00,7.016320313444897039e-01
-8.987407582925467153e+00,6.425855188178906108e-01
-9.013178689638863261e+00,5.831021788878264500e-01
-9.037940455025861297e+00,5.231917122709233148e-01
-9.061669723487604244e+00,4.628648219828344623e-01
-9.084343525487064142e+00,4.021332291640217771e-01
-9.105919048950024575e+00,3.410027827633868025e-01
-9.126373114591849856e+00,2.794881512304451809e-01
-9.145702552305120747e+00,2.176111242266719203e-01
-9.163885784903367693e+00,1.553877105905456246e-01
-9.180901760269559730e+00,9.283496818724047694e-02
-9.196730024724271146e+00,2.997099604152351007e-02
-9.211312800144902724e+00,-3.319352198344119320e-02
-9.224657649559272699e+00,-9.663090011012044622e-02
-9.236755999117933769e+00,-1.603175915985038391e-01
-9.247590645059556635e+00,-2.242313973353776413e-01
-9.257145375450472002e+00,-2.883492030152389196e-01
-9.265375192283068273e+00,-3.526505650662015157e-01
-9.272270579796183299e+00,-4.171085309887562209e-01
-9.277842803153408369e+00,-4.816941340523781534e-01
-9.282080496150838300e+00,-5.463810015430963229e-01
-9.284973637060243590e+00,-6.111421328229975636e-01
-9.286477417077167118e+00,-6.759504771648077170e-01
-9.286597976572709356e+00,-7.407759869984579248e-01
-9.285351961626105322e+00,-8.055894549705122643e-01
-9.282735425783402050e+00,-8.703621127381868661e-01
-9.278745983860643420e+00,-9.350649884634678610e-01
-9.273331357103124617e+00,-9.996642327776577019e-01
-9.266535354218452980e+00,-1.064132542660330305e+00
-9.258369156673097677e+00,-1.128441541261617997e+00
-9.248836951715434296e+00,-1.192562411608666606e+00
-9.237936190574624007e+00,-1.256465108056219693e+00
-9.225632318087473749e+00,-1.320112523837879248e+00
-9.211985336551475001e+00,-1.383485268455179940e+00
-9.197005742901637859e+00,-1.446556271099964208e+00
-9.180705456787249474e+00,-1.509299101841771851e+00
-9.163078597730567765e+00,-1.571682425635631652e+00
-9.144124196274688643e+00,-1.633675238609398228e+00
-9.123894527090040896e+00,-1.695263490102965953e+00
-9.102406739615043207e+00,-1.756424155092171535e+00
-9.079679068914932927e+00,-1.817135181974125491e+00
-9.055713627148877620e+00,-1.877368531353671210e+00
-9.030517496883577522e+00,-1.937097486521490053e+00
-9.004144016769030756e+00,-1.996315804164945806e+00
-8.976615036199824260e+00,-2.055005861451142835e+00
-8.947953073029951909e+00,-2.113151171845916831e+00
-8.918181109045704602e+00,-2.170736332364288312e+00
-8.887282856708305090e+00,-2.227725124898115361e+00
-8.855324571077906270e+00,-2.284126062462324303e+00
-8.822330645855464226e+00,-2.339927399972444366e+00
-8.788325741363173904e+00,-2.395118531323669142e+00
-8.753334714635871094e+00,-2.449689975770378947e+00
-8.717378005180364653e+00,-2.503630270844447114e+00
-8.680458358838725630e+00,-2.556916118003793592e+00
-8.642629702720070028e+00,-2.609560347973362227e+00
-8.603917002980480788e+00,-2.661557865545981727e+00
-8.564345120650054710e+00,-2.712904577785758331e+00
-8.523938765120483652e+00,-2.763597364227527109e+00
-8.482722451610396064e+00,-2.813634045916729942e+00
-8.440705282761731709e+00,-2.863000246254364445e+00
-8.397918775798943969e+00,-2.911701081871616470e+00
-8.354395908707465068e+00,-2.959744875111598894e+00
-8.310160003987343558e+00,-3.007132936382008292e+00
-8.265234033782169476e+00,-3.053867351763920546e+00
-8.219640599979687323e+00,-3.099950952239473256e+00
-8.173401917435057840e+00,-3.145387283796507560e+00
-8.126530153060961936e+00,-3.190170352213688609e+00
-8.079048721281955281e+00,-3.234306451552722894e+00
-8.030987396648544774e+00,-3.277810273256525964e+00
-7.982366675780332876e+00,-3.320687966803318680e+00
-7.933206627328469374e+00,-3.362946263809093672e+00
-7.883526890495867079e+00,-3.404592456809025336e+00
-7.833346675420995275e+00,-3.445634379681652426e+00
-7.782679750255114826e+00,-3.486074033602782674e+00
-7.731540555279446281e+00,-3.525914780191137243e+00
-7.679956833183537945e+00,-3.565178193078291091e+00
-7.627946076478461457e+00,-3.603874130540964060e+00
-7.575525376516726084e+00,-3.642012921243222401e+00
-7.522711432156678590e+00,-3.679605355127500310e+00
-7.469520559373948210e+00,-3.716662675872129729e+00
-7.415958922443105727e+00,-3.753182103100138445e+00
-7.362050017432681948e+00,-3.789186879289628163e+00
-7.307811685270612756e+00,-3.824693432039633745e+00
-7.253258808172896366e+00,-3.859714820319633422e+00
-7.198405948171130220e+00,-3.894264544955065244e+00
-7.143264820030198692e+00,-3.928352402318248782e+00
-7.087843735649604682e+00,-3.961983200635962099e+00
-7.032165340559919819e+00,-3.995186228798716321e+00
-6.976243059756498610e+00,-4.027976847877450695e+00
-6.920090075133570551e+00,-4.060370878929660421e+00
-6.863713637151441560e+00,-4.092374490968669676e+00
-6.807128726185164069e+00,-4.124008049844388069e+00
-6.750352223965557563e+00,-4.155296439650882689e+00
-6.693396522700726159e+00,-4.186257478693030443e+00
-6.636268282733659873e+00,-4.216899021275789750e+00
-6.578983102347544687e+00,-4.247246156828933472e+00
-6.521556047108480136e+00,-4.277323974353442360e+00
-6.463996968679302846e+00,-4.307148399661411275e+00
-6.406315418266890660e+00,-4.336735287125020655e+00
-6.348528689831846705e+00,-4.366116231997989594e+00
-6.290646742180127760e+00,-4.395309165333737056e+00
-6.232680488625657489e+00,-4.424334356688352621e+00
-6.174645770331009587e+00,-4.453222425549216545e+00
-6.116552152729079594e+00,-4.481991877921445599e+00
-6.058414254234372187e+00,-4.510671750822090154e+00
-6.000244795294649158e+00,-4.539287564812750198e+00
-5.942056652702947694e+00,-4.567865372634160259e+00
-5.883863805389959012e+00,-4.596433600075794601e+00
-5.825680299152340424e+00,-4.625020844878157789e+00
-5.767519718218956370e+00,-4.653654696493807919e+00
-5.709398076602163030e+00,-4.682367496251739425e+00
-5.651329002202745144e+00,-4.711186444126695072e+00
-5.593329125627214182e+00,-4.740144391050736594e+00
-5.535414660511424501e+00,-4.769272750845116704e+00
-5.477599308528407818e+00,-4.798597332796450843e+00
-5.419906509674348172e+00,-4.828162265226352723e+00
-5.362347759500413424e+00,-4.857987269876604230e+00
-5.304940966256184609e+00,-4.888103722519736571e+00
-5.247711646962935461e+00,-4.918556032375573928e+00
-5.190671970469684204e+00,-4.949362000344130763e+00
-5.133841032963227136e+00,-4.980551339913302122e+00
-5.077239975017613816e+00,-5.012155948944926109e+00
-5.020892272332823758e+00,-5.044210019217159946e+00
-4.964812048565351077e+00,-5.076729678994449380e+00
-4.909018519670995673e+00,-5.109738733731594706e+00
-4.853530475006726519e+00,-5.143258745833700907e+00
-4.798366029481937467e+00,-5.177308704172794762e+00
-4.743543897843008672e+00,-5.211907132397280762e+00
-4.689081768214935053e+00,-5.247069477093613266e+00
-4.634990500456011020e+00,-5.282799616670383003e+00
-4.581282747269785460e+00,-5.319103628504812775e+00
-4.527969144040200788e+00,-5.355983992725366960e+00
-4.475058065701572829e+00,-5.393439543476709730e+00
-4.422555413341533459e+00,-5.431465483902932156e+00
-4.370464438399292995e+00,-5.470053463684777739e+00
-4.318785611008998160e+00,-5.509191715498656272e+00
-4.267516537317924907e+00,-5.548865244539181951e+00
-4.216651928602421329e+00,-5.589056063409143071e+00
-4.166183622857858815e+00,-5.629743463339766052e+00
-4.116100657406752461e+00,-5.670904311919729324e+00
-4.066389389097914808e+00,-5.712513367294347333e+00
-4.017033656984247969e+00,-5.754543599107707408e+00
-3.968017373469691744e+00,-5.796969249352445175e+00
-3.919318047045927678e+00,-5.839758367673555384e+00
-3.870912613160807147e+00,-5.882879689954124025e+00
-3.822776960953070180e+00,-5.926301982147625047e+00
-3.774885647924321574e+00,-5.969993641105800108e+00
-3.727212169531727959e+00,-6.013922914847120715e+00
-3.679729222332623007e+00,-6.058058094530420767e+00
-3.632408955520933347e+00,-6.102367678150871555e+00
-3.585224196786970019e+00,-6.146821554881681138e+00
-3.538146158774590155e+00,-6.191388446917817312e+00
-3.491144914358366602e+00,-6.236036327740692720e+00
-3.444192406264855233e+00,-6.280735464340659213e+00
-3.397261017139531880e+00,-6.325456776963480188e+00
-3.350323149183648930e+00,-6.370171288921574693e+00
-3.303350977991501125e+00,-6.414849760063875195e+00
-3.256318868341899542e+00,-6.459465122534987280e+00
-3.209201970819244742e+00,-6.503990925774268739e+00
-3.161972826467275066e+00,-6.548397639783192226e+00
-3.114608192073134330e+00,-6.592659788811092270e+00
-3.067087480901604213e+00,-6.636754309978894817e+00
-3.019386393574016392e+00,-6.680653631695414596e+00
-2.971480685952066381e+00,-6.724329536215144287e+00
-2.923356498475877085e+00,-6.767764561052620920e+00
-2.874990738071740104e+00,-6.810930424823793849e+00
-2.826362061804069015e+00,-6.853799837246857152e+00
-2.777461908883966935e+00,-6.896359296071785216e+00
-2.728264270132749747e+00,-6.938574509544698898e+00
-2.678758763335299609e+00,-6.980428193395440850e+00
-2.628936699285197687e+00,-7.021904568960980697e+00
-2.578768383765630112e+00,-7.062961414353755352e+00
-2.528260323555178601e+00,-7.103599507970648652e+00
-2.477388549533939610e+00,-7.143781369441469131e+00
-2.426147910699411270e+00,-7.183491681236672477e+00
-2.374533004357933574e+00,-7.222714328282777707e+00
-2.322522841883327693e+00,-7.261411251805674816e+00
-2.270129830143778449e+00,-7.299588233580160512e+00
-2.217322797087034392e+00,-7.337190426841539548e+00
-2.164120538607126498e+00,-7.374231207990313841e+00
-2.110501106798326365e+00,-7.410665501032760005e+00
-2.056472394186521058e+00,-7.446489940796364948e+00
-2.002026552392696335e+00,-7.481677239946563418e+00
-1.947161851223327744e+00,-7.516207682544762569e+00
-1.891883114133511956e+00,-7.550071415772029226e+00
-1.836180392581477250e+00,-7.583232992957750440e+00
-1.780069658282821043e+00,-7.615699484236378325e+00
-1.723534187401481788e+00,-7.647420486469403755e+00
-1.666599550409069819e+00,-7.678419386443385619e+00
-1.609243666908925841e+00,-7.708631692620013354e+00
-1.551499332239024032e+00,-7.738094764561715522e+00
-1.493343002402136577e+00,-7.766736007497669014e+00
-1.434809051268458813e+00,-7.794597279171290083e+00
-1.375879470221280210e+00,-7.821611707755766751e+00
-1.316584406909716565e+00,-7.847814065799534333e+00
-1.256912691033065910e+00,-7.873146994671634147e+00
-1.196890850376232107e+00,-7.897638666506118454e+00
-1.136513734954479160e+00,-7.921241032586997299e+00
-1.075804785491305093e+00,-7.943976094383217834e+00
-1.014764089590309393e+00,-7.965804944229472717e+00
-9.534124693547082474e-01,-7.986743794747667380e+00
-8.917544945774106280e-01,-8.006762725152814397e+00
-8.298087833645083622e-01,-8.025872506300270715e+00
-7.675836532358426556e-01,-8.044052041054563063e+00
-7.050958889045674249e-01,-8.061306987471798635e+00
-6.423568388874874024e-01,-8.077624875102740631e+00
-5.793817887422033630e-01,-8.093006577504935350e+00
-5.161844197701460635e-01,-8.107447997539805939e+00
-4.527788210420610193e-01,-8.120945567805391008e+00
-3.891803317417538155e-01,-8.133503236480967402e+00
-3.254021174237813896e-01,-8.145113366399570509e+00
-2.614605317174658605e-01,-8.155787536587293829e+00
-1.973680593211555867e-01,-8.165514446497262213e+00
-1.331414667289868570e-01,-8.174312800663441791e+00
-6.879276784280143053e-02,-8.182168078627858776e+00
-4.338593521231684513e-03,-8.189105517639442056e+00
6.020933864147607478e-02,-8.195107854025112104e+00
1.248350182418811460e-01,-8.200206188281844888e+00
1.895268877141926545e-01,-8.204381014338611777e+00
2.542699695903704038e-01,-8.207668566837979185e+00
3.190527696895149590e-01,-8.210047608901216876e+00
3.838616779225629272e-01,-8.211558742255670396e+00
4.486852060613217841e-01,-8.212179505360845511e+00
5.135113656897266621e-01,-8.211954086389635421e+00
5.783286537092402479e-01,-8.210859282326397945e+00
6.431268791787769779e-01,-8.208942098611755611e+00
7.078945351339386294e-01,-8.206179033770705900e+00
7.726233306139352885e-01,-8.202619176543944235e+00
8.373017909568796213e-01,-8.198239114408647055e+00
9.019235625422732383e-01,-8.193089341415715765e+00
9.664772563296993857e-01,-8.187146853366868982e+00
1.030958438529564480e+00,-8.180462944095042488e+00
1.095355867512910919e+00,-8.173015260499910895e+00
1.159666968381377838e+00,-8.164855374489619066e+00
1.223880708569008435e+00,-8.155961746036986426e+00
1.287996279328846860e+00,-8.146385793122686181e+00
1.352002910832391214e+00,-8.136106870217487241e+00
1.415901446886860704e+00,-8.125175899596264628e+00
1.479681419615702209e+00,-8.113573135515023793e+00
1.543345200480576551e+00,-8.101348748669282784e+00
1.606882643597820737e+00,-8.088483830235029259e+00
1.670297519576707801e+00,-8.075027621047068394e+00
1.733580002660404018e+00,-8.060961928915116204e+00
1.796735136107184605e+00,-8.046334952887578496e+00
1.859753389762903053e+00,-8.031129052210378205e+00
1.922640958600521088e+00,-8.015391325598988814e+00
1.985388561930270024e+00,-7.999104486896108313e+00
2.048003432795599821e+00,-7.982314515792723775e+00
2.110476474717159601e+00,-7.965004265296773411e+00
2.172815852733391839e+00,-7.947218604270497089e+00
2.235012573718504481e+00,-7.928940302832703679e+00
2.297075635502989766e+00,-7.910213142621100424e+00
2.358996055898580302e+00,-7.891019592401285365e+00
2.420783572019510554e+00,-7.871402376302903292e+00
2.482429112749377609e+00,-7.851343454879321726e+00
2.543943065459941977e+00,-7.830884523877864822e+00
2.605316166572555936e+00,-7.810006846023681781e+00
2.666559368271753883e+00,-7.788751113208753019e+00
2.727663110488275588e+00,-7.767097721312426373e+00
2.788638646758725859e+00,-7.745085879632966908e+00
2.849476562068933738e+00,-7.722696461652863498e+00
2.910187689068972627e+00,-7.699965486307751128e+00
2.970763139729745816e+00,-7.676875364225088205e+00
3.031212957472965375e+00,-7.653458307397215776e+00
3.091528770132679238e+00,-7.629698203876058571e+00
3.151719791142213900e+00,-7.605623721683630656e+00
3.211778033842433100e+00,-7.581219871290942436e+00
3.271711871974834818e+00,-7.556512073056559586e+00
3.331513555294212114e+00,-7.531486094534725062e+00
3.391190638800382740e+00,-7.506164436726648681e+00
3.450735441802646353e+00,-7.480533250402888967e+00
3.510154752585481042e+00,-7.454612478408979115e+00
3.569440774892384205e+00,-7.428388271315525593e+00
3.628599615152688251e+00,-7.401878411592342388e+00
3.687623155720486601e+00,-7.375068652254515911e+00
3.746516942400704764e+00,-7.347975056518013304e+00
3.805272304864959931e+00,-7.320582560546501583e+00
3.863894391548375662e+00,-7.292906002594184756e+00
3.922373715354839696e+00,-7.264929049249142956e+00
3.980715240602332283e+00,-7.236665873803886484e+00
4.038908356601100813e+00,-7.208098372649768493e+00
4.096958117148962408e+00,-7.179240694382431620e+00
4.154852425925582793e+00,-7.150072400100711434e+00
4.212596772760521802e+00,-7.120608349813985605e+00
4.270177143733975278e+00,-7.090825122260947744e+00
4.327599898825247315e+00,-7.060739136186922948e+00
4.384848588069546693e+00,-7.030323241941983881e+00
4.441930840702021044e+00,-6.999596133315127311e+00
4.498827564323957695e+00,-6.968526840289297475e+00
4.555546888552635565e+00,-6.937134872112655337e+00
4.612069506252813866e+00,-6.905390108048730546e+00
4.668401414577584951e+00,-6.873308151855318293e+00
4.724524405108732950e+00,-6.840862131203276242e+00
4.780441630129573127e+00,-6.808062772430217180e+00
4.836136764613733874e+00,-6.774887720302127825e+00
4.891609241704515831e+00,-6.741341688159476320e+00
4.946845580583568491e+00,-6.707408273281719069e+00
5.001840443462238106e+00,-6.673084885874213334e+00
5.056584345229155453e+00,-6.638362662400457026e+00
5.111065935111716030e+00,-6.603230282824036124e+00
5.165281077431330026e+00,-6.567688136955496248e+00
5.219210967088462105e+00,-6.531714636547606645e+00
5.272858381557342433e+00,-6.495321234587916770e+00
5.326195416197517574e+00,-6.458474459965887426e+00
5.379231734245351504e+00,-6.421196152615412878e+00
5.431933896062625777e+00,-6.383446935995749527e+00
5.484311414325937939e+00,-6.345248574913130213e+00
5.536335907759804442e+00,-6.306570826802707863e+00
5.588006999768841077e+00,-6.267422217028895126e+00
5.639306036871971628e+00,-6.227787373323694808e+00
5.690220662721970690e+00,-6.187659914278757611e+00
5.740744203829299508e+00,-6.147041180827658380e+00
5.790850063097983558e+00,-6.105908316511733602e+00
5.840545974740805057e+00,-6.064281086010762323e+00
5.889788693885037674e+00,-6.022118743727880030e+00
5.938595839080969441e+00,-5.979452974092378525e+00
5.986926297550716924e+00,-5.936248014576420928e+00
6.034786303532885476e+00,-5.892522508142586268e+00
6.082149359913978870e+00,-5.848259240880028464e+00
6.129003767780267786e+00,-5.803457895081511886e+00
6.175341686754973303e+00,-5.758122579883565351e+00
6.221130932926936197e+00,-5.712233160435177481e+00
6.266385066812749649e+00,-5.665815934342870008e+00
6.311048858608049095e+00,-5.618830409776699675e+00
6.355148974945178608e+00,-5.571315477171362218e+00
6.398637758121090258e+00,-5.523240426317735263e+00
6.441522550188533813e+00,-5.474625837991318633e+00
6.483777878285852836e+00,-5.425463185067950889e+00
6.525387155337429412e+00,-5.375752538870607111e+00
6.566350458038543891e+00,-5.325508269475480283e+00
6.606624938894331223e+00,-5.274710181479933979e+00
6.646235867110943829e+00,-5.223392979104440670e+00
6.685120616153026774e+00,-5.171523385364335645e+00
6.723311679120317130e+00,-5.119140976850528268e+00
6.760762574263681657e+00,-5.066226897899579029e+00
6.797479167461265348e+00,-5.012800673104536919e+00
6.833444006396089065e+00,-4.958865561717864523e+00
6.868634412748829909e+00,-4.904421980092256383e+00
6.903064053459412541e+00,-4.849494131457719348e+00
6.936680019497997840e+00,-4.794064565790222332e+00
6.969521746599200540e+00,-4.738172789398992890e+00
7.001526223708078867e+00,-4.681797436162487891e+00
7.032729528093652149e+00,-4.624974744192290821e+00
7.063091946426230727e+00,-4.567698364081827833e+00
7.092619532272440352e+00,-4.509987151429228902e+00
7.121305768489871291e+00,-4.451853172125199265e+00
7.149125591076010089e+00,-4.393299599703742508e+00
7.176106803416558044e+00,-4.334354881381106139e+00
7.202192469943809350e+00,-4.275008395014509688e+00
7.227435458311586736e+00,-4.215298612891603902e+00
7.251776551081152711e+00,-4.155215540417191100e+00
7.275257375950422656e+00,-4.094791086779019373e+00
7.297846372688190364e+00,-4.034027630920133944e+00
7.319553973223614562e+00,-3.972943721097440761e+00
7.340383016005072037e+00,-3.911554688558248394e+00
7.360312817770667593e+00,-3.849867817665912018e+00
7.379380337788979283e+00,-3.787908963895314951e+00
7.397534317958904815e+00,-3.725676290104107391e+00
7.414836038739633040e+00,-3.663201307961490460e+00
7.431231729639126371e+00,-3.600482463587570514e+00
7.446772661070045096e+00,-3.537546370538298568e+00
7.461431026477351125e+00,-3.474398904524914844e+00
7.475229251103002959e+00,-3.411057896760487651e+00
7.488170649618425934e+00,-3.347536301585720242e+00
7.500250488996089260e+00,-3.283845205489506647e+00
7.511501155790850426e+00,-3.220002416037282877e+00
7.521892958364500004e+00,-3.156014180932297908e+00
7.531484785143720551e+00,-3.091901115440237380e+00
7.540224678502104538e+00,-3.027666353357564955e+00
7.548184447583651036e+00,-2.963330271372509817e+00
7.555324589511404731e+00,-2.898898077251437222e+00
7.561696226334436943e+00,-2.834385334087890396e+00
7.567282011946668163e+00,-2.769799811232391384e+00
7.572114798510242828e+00,-2.705153546750363347e+00
7.576196100771928066e+00,-2.640455500845575010e+00
7.579544101607434747e+00,-2.575715324153286634e+00
7.582175310765657983e+00,-2.510942062849742307e+00
7.584097088456386082e+00,-2.446143830338544767e+00
7.585336887136506334e+00,-2.381328967904700722e+00
7.585895230806110945e+00,-2.316504612594635137e+00
7.585806391211236566e+00,-2.251677917703604148e+00
7.585068061778329707e+00,-2.186855327929440040e+00
7.583717266756369035e+00,-2.122042612557368813e+00
7.581752760605549035e+00,-2.057245558119927153e+00
7.579210447907160919e+00,-1.992468606158491751e+00
7.576093778371097542e+00,-1.927716710483195151e+00
7.572434004877177216e+00,-1.862993245612541982e+00
7.568242498592902656e+00,-1.798302003127751236e+00
7.563542818657462696e+00,-1.733645696671088476e+00
7.558356921476187651e+00,-1.669026535456229920e+00
7.552698270819242055e+00,-1.604447056231424140e+00
7.546601355534441780e+00,-1.539907446885196540e+00
7.540067929344353104e+00,-1.475410556350460256e+00
7.533142436441765177e+00,-1.410954572905197324e+00
7.525825206186813610e+00,-1.346541865973236884e+00
7.518155393573573875e+00,-1.282170193010172099e+00
7.510148957137240622e+00,-1.217839497982047048e+00
7.501826628934797903e+00,-1.153548903229300260e+00
7.493221090982284949e+00,-1.089295588057145991e+00
7.484342525451704198e+00,-1.025079418532103048e+00
7.475225734097248775e+00,-9.608966362597101130e-01
7.465893428828701772e+00,-8.967448212555071407e-01
7.456363108748608859e+00,-8.326221180784987297e-01
7.446667281735389388e+00,-7.685242287278256645e-01
7.436828051740920209e+00,-7.044481871901391301e-01
7.426867145955308835e+00,-6.403909440578392509e-01
7.416813471322784679e+00,-5.763481927032965135e-01
7.406690645320367139e+00,-5.123163319232122426e-01
7.396521734304327467e+00,-4.482917720801958827e-01
7.386333074907320828e+00,-3.842703513471538157e-01
7.376148241556569118e+00,-3.202483219821366522e-01
7.365991005913191891e+00,-2.562219092158033451e-01
7.355886195374454317e+00,-1.921872035317395977e-01
7.345855608347076959e+00,-1.281408325493426925e-01
7.335921211437248957e+00,-6.407947402100050427e-02
