# x_m,y_m,v_mps,kappa
# optimization: {"dynamic_validation": false, "effective_margin_m": [0.22250000000000003, 0.4], "elapsed_s": 68.84690996498102, "export_relative_time_change": -0.020226038907830837, "exported_time_s": 11.50334112774894, "global_optimum_proven": false, "kkt_stationarity": 9.216596923654257e-06, "mesh_checks": [{"dense_normalized_violation": 0.02167510757173594, "dense_time_relative_change": 0.00017802011576368472, "iterations": 39, "samples": 336, "time_s": 11.729208414528397}, {"dense_normalized_violation": 0.005824461986172812, "dense_time_relative_change": 0.00014022956799437876, "iterations": 32, "samples": 377, "time_s": 11.740989811066786}, {"dense_normalized_violation": 0.001342924253240874, "dense_time_relative_change": 0.00013207050485529594, "iterations": 32, "samples": 400, "time_s": 11.742118283153637}, {"dense_normalized_violation": 0.0002595167155455656, "dense_time_relative_change": 0.00013154417923384637, "iterations": 25, "samples": 417, "time_s": 11.742354310545275}, {"dense_normalized_violation": 6.936401990641288e-06, "dense_time_relative_change": 0.00013142942340977614, "iterations": 20, "samples": 421, "time_s": 11.74235452343244}], "model": "periodic-quasisteady-axle-nlp-v1", "normalized_constraint_violation": 2.582783898209609e-10, "objective": "integral(norm(dxy/dphase)/speed, phase=0..1)", "path_controls": 84, "requested_margin_m": 0.4, "solved_time_s": 11.740811232547951, "solver_message": "Optimization terminated successfully", "status": "converged"}
-4.618534826882098088e+01,-6.292441844876709434e-01,4.992062868117672636e+00,2.732422015115366642e-01
-4.611083464083849748e+01,-6.356283269112470435e-01,5.048485894853202538e+00,2.549515172736796509e-01
-4.603621281648877073e+01,-6.405907559060275425e-01,5.106286765121030413e+00,2.553111798505097729e-01
-4.596150975353103973e+01,-6.441276598302277945e-01,5.163440714133726850e+00,2.400249324118841621e-01
-4.588675521160225657e+01,-6.463231855904074674e-01,5.222257268633224037e+00,2.373111936045556869e-01
-4.581197337391121494e+01,-6.471917984968320603e-01,5.280418810808212626e+00,2.239874085537955639e-01
-4.573718744206089326e+01,-6.468077263751795813e-01,5.340489084487686888e+00,2.191853043051370520e-01
-4.566241775086869126e+01,-6.451979209015596961e-01,5.399891236464055666e+00,2.071164321407533981e-01
-4.558768191993024033e+01,-6.424302567155490973e-01,5.460950944152408226e+00,2.013241246731076461e-01
-4.551299613754726892e+01,-6.385377410097243800e-01,5.521659653987732952e+00,1.900827862936209367e-01
-4.543837319473562530e+01,-6.335839819098096903e-01,5.583485634289704791e+00,1.866851068195151120e-01
-4.536382662560281176e+01,-6.275889170980972764e-01,5.644634517903837967e+00,1.774218026103446533e-01
-4.528936612708368159e+01,-6.206052918525750695e-01,5.706014668977640092e+00,1.755940036321477493e-01
-4.521500370500446309e+01,-6.126444965435247081e-01,5.766741576837485006e+00,1.646570164730274954e-01
-4.514074489768866982e+01,-6.037686326764113431e-01,5.827840451855617054e+00,1.647684265231675327e-01
-4.506660105783262082e+01,-5.939784281139482980e-01,5.888305410698168707e+00,1.530244293270763278e-01
-4.499257409591490386e+01,-5.833403798263242512e-01,5.950229307290364034e+00,1.508907736891322571e-01
-4.491867185669777740e+01,-5.718676690649110439e-01,6.011515393773072979e+00,1.431955636774837892e-01
-4.484489668882029179e+01,-5.596042096622564355e-01,6.073465851791518766e+00,1.366510190265306790e-01
-4.477125065483917155e+01,-5.465874458138522130e-01,6.135378107783906465e+00,1.350363426099626674e-01
-4.469773980625394927e+01,-5.328276161605418615e-01,6.196671834275465862e+00,1.273206395052427775e-01
-4.462436330309692778e+01,-5.183684631274514398e-01,6.258653943992980473e+00,1.248128529861570746e-01
-4.455112493028456555e+01,-5.032250268580640284e-01,6.320028233840567111e+00,1.220052459294214964e-01
-4.447802776339786135e+01,-4.874139767420069824e-01,6.380863870413468142e+00,1.158317533081509310e-01
-4.440507029580385989e+01,-4.709703114550627401e-01,6.442116983609524006e+00,1.125936007211996021e-01
-4.433225384218466303e+01,-4.539128911495726171e-01,6.502842741494025525e+00,1.109227735604937926e-01
-4.425958137860123287e+01,-4.362520098122789625e-01,6.563006655827057223e+00,1.047604026968674551e-01
-4.418704951580078699e+01,-4.180223115919440291e-01,6.623665962872800961e+00,1.012687998399092598e-01
-4.411465777608132299e+01,-3.992438114791933557e-01,6.684126951452219245e+00,9.855684161984343272e-02
-4.404240638882828307e+01,-3.799322380089905082e-01,6.744063124171302270e+00,9.718107793260757910e-02
-4.397029725842327252e+01,-3.600960644160187685e-01,6.803471304310821033e+00,9.364507194711245430e-02
-4.389832882465824326e+01,-3.397553726291803744e-01,6.862786201522130369e+00,9.180581289964129255e-02
-4.382650173829067342e+01,-3.189210363725490938e-01,6.921594290125824500e+00,9.003571526817838455e-02
-4.375481655321257080e+01,-2.976035241644499618e-01,6.979904420662561115e+00,8.833228874484916338e-02
-4.368327373635124644e+01,-2.758129139450718470e-01,7.037398333148980001e+00,8.793810139971074136e-02
-4.361187576850060310e+01,-2.535522656867281732e-01,7.094426329496752004e+00,8.501580124144486605e-02
-4.354062078642554212e+01,-2.308381187268741253e-01,7.151342352606039121e+00,8.347496920088957884e-02
-4.346950899608263796e+01,-2.076795839062266502e-01,7.207794316910542065e+00,8.202252976088442171e-02
-4.339854060123187907e+01,-1.840852709610294735e-01,7.263787291216000419e+00,8.063622326416013120e-02
-4.332771577844813748e+01,-1.600634093890615783e-01,7.319309332380603550e+00,7.937581287076189707e-02
-4.325703479741846280e+01,-1.356215344491159547e-01,7.374351129633135216e+00,7.822770557137677383e-02
-4.318649801337697625e+01,-1.107665632978347275e-01,7.428908761614330558e+00,7.716828728722449626e-02
-4.311610583835025068e+01,-8.550492338697644745e-02,7.482978323163062662e+00,7.619387527291829332e-02
-4.304585874645866994e+01,-5.984257491011076013e-02,7.536555790451379799e+00,7.530134050147617442e-02
-4.297575727936881407e+01,-3.378503021835113640e-02,7.589565218033085259e+00,7.474278264074103728e-02
-4.290580255940074750e+01,-7.336039239355993287e-03,7.642118366300659993e+00,7.385007012261336767e-02
-4.283599498587076226e+01,1.949890916552023470e-02,7.694206773157001855e+00,7.304533267665784535e-02
-4.276633505136071989e+01,4.671480358898136981e-02,7.745782492108512329e+00,7.246132569396325496e-02
-4.269682362884886118e+01,7.430779611045441879e-02,7.796842634502598735e+00,7.193836971443179351e-02
-4.262746166530363467e+01,1.022743638705937430e-01,7.847462486867353704e+00,7.121114203047830549e-02
-4.255824962559802316e+01,1.306099338484288108e-01,7.897749041515861990e+00,7.017508323939039561e-02
-4.248918724836637750e+01,1.593083515244242965e-01,7.947713404908375523e+00,6.914882072079865660e-02
-4.242027420540875937e+01,1.883635375219810948e-01,7.997358338233907737e+00,6.815845366931155835e-02
-4.235151016139476354e+01,2.177696218733241873e-01,8.046686440099307447e+00,6.720299704969870391e-02
-4.228289477688298348e+01,2.475209377176116887e-01,8.095700152757602908e+00,6.628150799410444105e-02
-4.221442771115322756e+01,2.776120152474726432e-01,8.144401767335768483e+00,6.539308515294540991e-02
-4.214610862486770770e+01,3.080375759001081626e-01,8.192793428164343084e+00,6.453686793876291239e-02
-4.207793718257587301e+01,3.387925267885110170e-01,8.240877136229167732e+00,6.371203591076644857e-02
-4.200991305507739071e+01,3.698719553687377370e-01,8.288654751832556400e+00,6.291780805811306165e-02
-4.194203592165644778e+01,4.012711243386166693e-01,8.336105505268792015e+00,6.222611101899375857e-02
-4.187430564513722686e+01,4.329858345827870547e-01,8.383088011608526458e+00,6.202049249923850816e-02
-4.180672320100679684e+01,4.650143594600621988e-01,8.429539279066821322e+00,6.204043135948451859e-02
-4.173929009147271785e+01,4.973561104524757415e-01,8.475464973202821994e+00,6.206532656227843614e-02
-4.167200782899918465e+01,5.300105165868527202e-01,8.520871406868822717e+00,6.209235959635193286e-02
-4.160487792981438560e+01,5.629770100464084326e-01,8.565764653910418858e+00,6.212153202083357112e-02
-4.153790191407504295e+01,5.962550260789464263e-01,8.610150558700105705e+00,6.215284517204187897e-02
-4.147108130602953224e+01,6.298440029016536545e-01,8.654034745145708030e+00,6.218630018636582546e-02
-4.140441763417968701e+01,6.637433816025741784e-01,8.697422625218480974e+00,6.222189799467427174e-02
-4.133791243144120386e+01,6.979526060387588604e-01,8.740292076755105555e+00,6.225963931213548963e-02
-4.127156723530255533e+01,7.324711227310649608e-01,8.782648363981408579e+00,6.229948664346962595e-02
-4.120538358788308386e+01,7.672983805677285885e-01,8.824504409352057266e+00,6.233832287140177175e-02
-4.113936302787798382e+01,8.024338153107822835e-01,8.865872617744770423e+00,6.237175264640358596e-02
-4.107350707879359675e+01,8.378768279766418692e-01,8.906764904629186574e+00,6.240443276988619919e-02
-4.100781726086098899e+01,8.736268079717959267e-01,8.947192722322133918e+00,6.243732433558773359e-02
-4.094229509350993368e+01,9.096831378385757949e-01,8.987167084480251589e+00,6.247042445197707738e-02
-4.087694209533910339e+01,9.460451932257154528e-01,9.026698588961810543e+00,6.250373001880600576e-02
-4.081175978408517580e+01,9.827123428580352149e-01,9.065797439191817020e+00,6.253723770792521397e-02
-4.074674967659075975e+01,1.019683948505184290e+00,9.104473464147780248e+00,6.257094397307744194e-02
-4.068191328877114898e+01,1.056959364949508151e+00,9.142736137072821734e+00,6.260484506722474585e-02
-4.061725213557990344e+01,1.094537939953159844e+00,9.180594593013250204e+00,6.263893699046385599e-02
-4.055276773097314447e+01,1.132419014224192333e+00,9.218037624165120292e+00,6.266925190683494962e-02
-4.048846157652429412e+01,1.170601902337662814e+00,9.255080491668477904e+00,6.264875438552583442e-02
-4.042433502558936453e+01,1.209085667410793041e+00,9.291745368867241339e+00,6.258949990506718075e-02
-4.036038931391802720e+01,1.247869181359317237e+00,9.328038265332425638e+00,6.252771020401119706e-02
-4.029662566191598927e+01,1.286951299840665586e+00,9.363964564401531021e+00,6.246461046235564363e-02
-4.023304527801143138e+01,1.326330868279197883e+00,9.399529568224405551e+00,6.240022153782753822e-02
-4.016964935859859764e+01,1.366006722091839487e+00,9.434670874248190842e+00,6.247706206280420616e-02
-4.010643951550356689e+01,1.405978359556940616e+00,9.469509804663218233e+00,6.230896004458074539e-02
-4.004341662437428795e+01,1.446244114515095269e+00,9.504022817045706617e+00,6.219969356103158264e-02
-3.998058172263728238e+01,1.486802598896751704e+00,9.538195064713445248e+00,6.213014926577498098e-02
-3.991793595737571820e+01,1.527652609295454766e+00,9.572033508424571124e+00,6.205532758530353521e-02
-3.985548045074786927e+01,1.568792914351525791e+00,9.605656520404332710e+00,6.096011086541908153e-02
-3.979321314926266950e+01,1.610217531566307869e+00,9.638969489637965182e+00,5.642472456913730922e-02
-3.973112119985074031e+01,1.651904544301442179e+00,9.671978175759388563e+00,5.109738257348240414e-02
-3.966918900057459751e+01,1.693828538574164044e+00,9.704688165296753155e+00,4.577001808763933588e-02
-3.960740066386441072e+01,1.735964287592613564e+00,9.737104880965159026e+00,4.044355682811038438e-02
-3.954574005024164052e+01,1.778286738033752812e+00,9.769233588238510180e+00,3.511858413069270796e-02
-3.948419080068579490e+01,1.820770994205308524e+00,9.801079401589278817e+00,2.979538477946051117e-02
-3.942273636776018719e+01,1.863392300367854526e+00,9.832647290416183239e+00,2.447398284536965798e-02
-3.936136004562956003e+01,1.906126021482280830e+00,9.863942084678413380e+00,1.915418149825560273e-02
-3.930004499911671445e+01,1.948947622638139476e+00,9.894968480253861998e+00,1.383560265335952166e-02
-3.923877429195712807e+01,1.991832647408998902e+00,9.925731044037526374e+00,8.561921601873145188e-03
-3.917753105633072153e+01,2.034756897773387863e+00,9.956234218777701983e+00,4.129254652539063319e-03
-3.911630107887939545e+01,2.077700059486633499e+00,9.986482327730143993e+00,6.018632415103466679e-04
-3.905507303438054123e+01,2.120645977293521334e+00,9.999999999995452526e+00,-2.868029122002618315e-03
-3.899383578000339412e+01,2.163578760835500603e+00,9.999999999995452526e+00,-6.338390470220622158e-03
-3.893257818164020989e+01,2.206482510438913192e+00,9.999999999995452526e+00,-9.809266541052571314e-03
-3.887128912614533505e+01,2.249341308246170623e+00,9.999999999995452526e+00,-1.328068299959438495e-02
-3.880995753366563861e+01,2.292139209463729621e+00,9.999999999995452526e+00,-1.675263444018738890e-02
-3.874857237010865418e+01,2.334860233793464968e+00,9.999999999995452526e+00,-2.022507345641054097e-02
-3.868712265979357312e+01,2.377488357114441175e+00,9.999999999995452526e+00,-2.369789956339416609e-02
-3.862559749832918499e+01,2.420007503483831979e+00,9.999999999995452526e+00,-2.717094826997776269e-02
-3.856398606576046717e+01,2.462401537526372142e+00,9.999999999995452526e+00,-2.974979505573055807e-02
-3.850228046298864371e+01,2.504658385774972462e+00,9.999999999995452526e+00,-2.795224875338190446e-02
-3.844048665448934798e+01,2.546786149247103559e+00,9.999999999995452526e+00,-2.458708213411004567e-02
-3.837861548250828037e+01,2.588800216203893001e+00,9.999999999995452526e+00,-2.120896137599605560e-02
-3.831667774440597896e+01,2.630716093683428181e+00,9.999999999995452526e+00,-1.783066655018697780e-02
-3.825468416384245529e+01,2.672549340255785832e+00,9.999999999995452526e+00,-1.445236459333201426e-02
-3.819264540196939350e+01,2.714315557022658698e+00,9.999999999995452526e+00,-1.107416854196466641e-02
-3.813057206884970896e+01,2.756030378942450287e+00,9.999999999995452526e+00,-7.696147604345355414e-03
-3.806847473505891344e+01,2.797709466421837377e+00,9.999999999995452526e+00,-4.318337286639056458e-03
-3.800636394342409119e+01,2.839368497113493817e+00,9.999999999995452526e+00,-9.407494863467698787e-04
-3.794425022085752630e+01,2.881023157859051498e+00,9.999999999995452526e+00,2.408762528920207167e-03
-3.788214400343034072e+01,2.922689007345014023e+00,9.999999999995452526e+00,4.062214691115604605e-03
-3.782005044710046349e+01,2.964373723072304401e+00,9.999999999995452526e+00,3.009839565545503921e-03
-3.775796627545167183e+01,3.006072415037960965e+00,9.999999999995452526e+00,1.726628414608608313e-03
-3.769588748884921614e+01,3.047779123678068025e+00,9.999999999995452526e+00,4.458358382625065034e-04
-3.763381009289744838e+01,3.089487902205198200e+00,9.999999999995452526e+00,-8.348857531306824384e-04
-3.757173009283144438e+01,3.131192804558251108e+00,9.999999999995452526e+00,-2.115542690286287535e-03
-3.750964349520543095e+01,3.172887884225735977e+00,9.999999999995452526e+00,-3.396140919565954815e-03
-3.744754630958248498e+01,3.214567193071570461e+00,9.999999999995452526e+00,-4.676685441033599268e-03
-3.738543455022787043e+01,3.256224780166778299e+00,9.999999999995452526e+00,-5.957179760461428150e-03
-3.732330423780825157e+01,3.297854690630459995e+00,9.999999999995452526e+00,-7.237625357856328039e-03
-3.726115140109907742e+01,3.339450964483261064e+00,9.999999999995452526e+00,-8.330850799940075005e-03
-3.719897266022028504e+01,3.381008506037377348e+00,9.999999999995452526e+00,-8.044086820037196772e-03
-3.713676892932705442e+01,3.422528633505675710e+00,9.999999999995452526e+00,-7.034854642376926065e-03
-3.707454336216781599e+01,3.464016028649519185e+00,9.999999999995452526e+00,-6.015504304215281081e-03
-3.701229913647383540e+01,3.505475425275474066e+00,9.999999999995452526e+00,-4.996202387330257212e-03
-3.695003942342895442e+01,3.546911561236879784e+00,9.999999999995452526e+00,-3.976947357946451767e-03
-3.688776738875625938e+01,3.588329177713208029e+00,9.999999999995452526e+00,-2.957736340189903029e-03
-3.682548619381002908e+01,3.629733018497848462e+00,9.999999999995452526e+00,-1.938565369232448602e-03
-3.676319899667198143e+01,3.671127829292676115e+00,9.999999999995452526e+00,-9.194296759664065833e-04
-3.670090895325062519e+01,3.712518357007685843e+00,9.999999999995452526e+00,9.967603813019515382e-05
-3.663861921838266511e+01,3.753909349063950796e+00,9.999999999995452526e+00,1.114503621215344334e-03
-3.657633293376486705e+01,3.795305532884208688e+00,9.999999999995452526e+00,1.775898324629774164e-03
-3.651405214776759323e+01,3.836709988925982806e+00,9.999999999995452526e+00,1.657446149610136265e-03
-3.645177649460077873e+01,3.878122164790263504e+00,9.999999999995452526e+00,1.410427474296174722e-03
-3.638950521004298366e+01,3.919540909446640686e+00,9.999999999995452526e+00,1.163412730388819908e-03
-3.632723752952087892e+01,3.960965072125021802e+00,9.999999999995452526e+00,9.164025472926675374e-04
-3.626497268817494302e+01,4.002393502276257564e+00,9.999999999995452526e+00,6.693975472479669550e-04
-3.620270992092518725e+01,4.043825049532660643e+00,9.999999999995452526e+00,4.223983204042397509e-04
-3.614044846253668908e+01,4.085258563668404896e+00,9.999999999995452526e+00,1.754054674344223102e-04
-3.607818754768523917e+01,4.126692894559896629e+00,9.999999999995452526e+00,-7.158044031847817369e-05
-3.601592641102279657e+01,4.168126892146061913e+00,9.999999999995452526e+00,-3.185588180000054406e-04
-3.595366428724302921e+01,4.209559406388661884e+00,9.999999999995452526e+00,-5.520117755745747616e-04
-3.589140045302850979e+01,4.250989350177771797e+00,9.999999999995452526e+00,-6.112031590333829754e-04
-3.582913472509108743e+01,4.292416447808279578e+00,9.999999999995452526e+00,-5.394740783012791623e-04
-3.576686732578048833e+01,4.333841033225655615e+00,9.999999999995452526e+00,-4.634219122666789672e-04
-3.570459849079892933e+01,4.375263460534378090e+00,9.999999999995452526e+00,-3.873720474590077291e-04
-3.564232845580464470e+01,4.416684083852729259e+00,9.999999999995452526e+00,-3.113247564512294308e-04
-3.558005745641711570e+01,4.458103257307482359e+00,9.999999999995452526e+00,-2.354535350846429322e-04
-3.551778572768569830e+01,4.499521334221880053e+00,9.999999999995452526e+00,-1.592253275254877230e-04
-3.545551350574682914e+01,4.540938669594154931e+00,9.999999999995452526e+00,-8.276706850038468807e-05
-3.539324102743680811e+01,4.582355619502400224e+00,9.999999999995452526e+00,-6.733541547408458805e-06
-3.533096852826974299e+01,4.623772538051019509e+00,9.999999999995452526e+00,6.925157986764007509e-05
-3.526869624360926281e+01,4.665189779119342184e+00,9.999999999995452526e+00,1.329952660605012230e-04
-3.520642437090581467e+01,4.706607639572585100e+00,9.999999999995452526e+00,1.547372782843038641e-04
-3.514415297751359901e+01,4.748026220662468155e+00,9.999999999995452526e+00,1.667311157237660597e-04
-3.508188210059383749e+01,4.789445578240028034e+00,9.999999999995452526e+00,1.787237072542155773e-04
-3.501961177730597541e+01,4.830865768149113393e+00,9.999999999995452526e+00,1.907149840163088425e-04
-3.495734204480761775e+01,4.872286846225964752e+00,9.999999999995452526e+00,2.027048680300678302e-04
-3.489507294025446527e+01,4.913708868298733101e+00,9.999999999995452526e+00,2.146932719964225766e-04
-3.483280450080015100e+01,4.955131890187002064e+00,9.999999999995452526e+00,2.266801229596548191e-04
-3.477053676359619772e+01,4.996555967701326040e+00,9.999999999995452526e+00,2.386653321666056557e-04
-3.470826976579187573e+01,5.037981156642728386e+00,9.999999999995452526e+00,2.506488297551150027e-04
-3.464600354453414610e+01,5.079407512802269764e+00,9.999999999995452526e+00,2.407470816382253724e-04
-3.458373806916591775e+01,5.120834990056336800e+00,9.999999999995452526e+00,-1.985552546629319628e-04
-3.452147197863331485e+01,5.162261542688429294e+00,9.999999999995452526e+00,-1.109212142958944641e-03
-3.445920245178682961e+01,5.203682929831808579e+00,9.999999999995452526e+00,-2.050611631124157636e-03
-3.439692657332075498e+01,5.245094766733826575e+00,9.968753060953895684e+00,-2.991992919188721841e-03
-3.433464143000309576e+01,5.286492667385471300e+00,9.922999556949720912e+00,-3.933387286809974202e-03
-3.427234411150520543e+01,5.327872243761070159e+00,9.877102920780755468e+00,-4.874825341969672363e-03
-3.421003171123433617e+01,5.369229105062061080e+00,9.831061044567162455e+00,-5.816336739116485105e-03
-3.414770132717048057e+01,5.410558856966278363e+00,9.784871774504104280e+00,-6.757950033051006791e-03
-3.408535006270812318e+01,5.451857100883794160e+00,9.738532909452025876e+00,-7.699692408855570228e-03
-3.402297502750424485e+01,5.493119433220708281e+00,9.692042199471032404e+00,-8.641589484205836752e-03
-3.396057333833341829e+01,5.534341444652128850e+00,9.645397344296597453e+00,-9.160594814614045692e-03
-3.389814342244049783e+01,5.575520695012302852e+00,9.598595991444673459e+00,-7.554121680828136502e-03
-3.383569025140192110e+01,5.616664669017339406e+00,9.551635734780465015e+00,-5.159084782872378448e-03
-3.377322120972072383e+01,5.657784543500874896e+00,9.504514113412920295e+00,-2.756886361061374434e-03
-3.371074369097769363e+01,5.698891537288937492e+00,9.457228609390975649e+00,-3.540528161418749387e-04
-3.364826508375838898e+01,5.739996876750471877e+00,9.409776645828822339e+00,2.049742311186854293e-03
-3.358579277870490642e+01,5.781111793339672289e+00,9.362155584961360688e+00,4.454826466221259787e-03
-3.352333417557898798e+01,5.822247521138629089e+00,9.314362726116611313e+00,6.861524537030438270e-03
-3.346089669032598835e+01,5.863415294375659670e+00,9.266395303600654998e+00,9.270155256094786411e-03
-3.339848776212923553e+01,5.904626344894281509e+00,9.218250484490546626e+00,1.168102766841238802e-02
-3.333611486044398475e+01,5.945891899548401582e+00,9.169925366330131666e+00,1.405243973876505077e-02
-3.327378536210324711e+01,5.987222981779173558e+00,9.121416974662233557e+00,1.380747142300213851e-02
-3.321149857544985906e+01,6.028618406202086888e+00,9.072722258925022487e+00,9.320370500473313530e-03
-3.314924065736386893e+01,6.070057238447036596e+00,9.023838093140243544e+00,4.386026157918735714e-03
-3.308699633488306802e+01,6.111516490782354261e+00,8.974761272042927729e+00,-5.448053541947234495e-04
-3.302475032329038385e+01,6.152973206891112490e+00,8.925488507670076288e+00,-5.465407555016599771e-03
-3.296248737242519411e+01,6.194404476185992436e+00,8.876016426422733474e+00,-1.039066826294108778e-02
-3.290019224587890534e+01,6.235787347646650325e+00,8.826341565929382682e+00,-1.532058792601197379e-02
-3.283784974642194499e+01,6.277098812987675025e+00,8.776460371743059596e+00,-2.025509930735578529e-02
-3.277544474178411349e+01,6.318315790189070746e+00,8.726369193878985797e+00,-2.519403591840715939e-02
-3.271296219091269109e+01,6.359415107586628757e+00,8.676064283183251291e+00,-3.013710034853687297e-02
-3.265038717082807551e+01,6.400373488723666071e+00,8.625541787522339021e+00,-3.373616400612618194e-02
-3.258770901032150391e+01,6.441173859380207034e+00,8.574797743107801296e+00,-2.747559176081895357e-02
-3.252494713390964165e+01,6.481845357030429966e+00,8.523828070235049736e+00,-1.607538041703299170e-02
-3.246213639960839004e+01,6.522441374310965934e+00,8.472628585205780993e+00,-4.594039760192622675e-03
-3.239931171932183673e+01,6.563015809930134559e+00,8.421194984617542900e+00,6.897789147235792659e-03
-3.233650798139903770e+01,6.603622647741306473e+00,8.369522840152876952e+00,1.840124720073676653e-02
-3.227376019315163092e+01,6.644315872030484016e+00,8.317607593401861621e+00,2.991723476439382343e-02
-3.221110362288013107e+01,6.685149381007080116e+00,8.265444550405893764e+00,4.144601412101277249e-02
-3.214857393984352996e+01,6.726176896009179451e+00,8.213028875903233939e+00,5.298680944877848242e-02
-3.208620735051910344e+01,6.767451863968920733e+00,8.160355587255835985e+00,6.453740458263819424e-02
-3.202404072936435142e+01,6.809027350752315577e+00,8.107419548036080670e+00,7.605313683975950534e-02
-3.196211161427884306e+01,6.850955735400956037e+00,8.054812520089674521e+00,8.450264544568614200e-02
-3.190044872034948042e+01,6.893274646474404577e+00,8.002325574833626831e+00,8.675666028538926711e-02
-3.183906170081786158e+01,6.935992748692563659e+00,7.949612046063447401e+00,8.811008841717994644e-02
-3.177795750373831751e+01,6.979114429064795289e+00,7.896659895917668592e+00,8.947689787758811297e-02
-3.171714323092612275e+01,7.022644032106883039e+00,7.843456403719027747e+00,9.085689197152732599e-02
-3.165662613955948146e+01,7.066585854891771490e+00,7.789988126745631902e+00,9.224983263192573779e-02
-3.159641364359275784e+01,7.110944141814810493e+00,7.736240859593105590e+00,9.365543842371062966e-02
-3.153651331496219612e+01,7.155723079069403525e+00,7.682199592192052506e+00,9.507338263383247057e-02
-3.147693288456471805e+01,7.200926788830344094e+00,7.627999263151585829e+00,9.692139791436751861e-02
-3.141768167643362375e+01,7.246561170749088454e+00,7.573411053571426521e+00,9.801233602908120124e-02
-3.135876656849195498e+01,7.292628628693983650e+00,7.518411749043040437e+00,9.945054781766951568e-02
-3.130019572852269150e+01,7.339132986477499898e+00,7.463162715557538185e+00,1.012339206778079814e-01
-3.124197865796480045e+01,7.386079435413742011e+00,7.407703859006788072e+00,1.031953027921629629e-01
-3.118412564473420190e+01,7.433473770882037535e+00,7.352014173744283454e+00,1.051629374817816959e-01
-3.112664717435449901e+01,7.481321628358923448e+00,7.296070216475585291e+00,1.071328388024355149e-01
-3.106955391743053951e+01,7.529628459690876241e+00,7.239846970778595292e+00,1.091036000219225421e-01
-3.101285672567066598e+01,7.578399520757386654e+00,7.183317777641597957e+00,1.110737048985302178e-01
-3.095656662710256768e+01,7.627639858757141234e+00,7.126454266957315653e+00,1.130415261142680705e-01
-3.090069482044015103e+01,7.677354299148852590e+00,7.069226290486919417e+00,1.150053240836739488e-01
-3.084525266855963821e+01,7.727547432283044415e+00,7.011601856826191970e+00,1.169632462133136930e-01
-3.079025169104472326e+01,7.778223599765934360e+00,6.953552229789068839e+00,1.189286389823175083e-01
-3.073570361460776823e+01,7.829386942821998652e+00,6.895450979447823592e+00,1.221019119083167903e-01
-3.068162502081249698e+01,7.881046240190035412e+00,6.838152420409644883e+00,1.278370545537475533e-01
-3.062804279469547808e+01,7.933220165882365116e+00,6.781819579715072877e+00,1.339752336065919147e-01
-3.057498602107113683e+01,7.985928312172844379e+00,6.726480970100843670e+00,1.401137163745691527e-01
-3.052248446811226756e+01,8.039189495542373720e+00,6.672161489921385247e+00,1.462450390158711033e-01
-3.047056857503921279e+01,8.093021679609734065e+00,6.618881811423703354e+00,1.523603714348417959e-01
-3.041926943060616395e+01,8.147441893062529417e+00,6.566657650508781252e+00,1.584494710747515467e-01
-3.036861874156403118e+01,8.202466143056165393e+00,6.515696479633350080e+00,1.649679495734188150e-01
-3.031865074556099060e+01,8.258111058698755613e+00,6.465805913367315583e+00,1.709469451682933405e-01
-3.026939822297849503e+01,8.314390176602167060e+00,6.416804316639434624e+00,1.764628861029355900e-01
-3.022089270737748734e+01,8.371314298665630815e+00,6.368871610721389409e+00,1.823535944080446614e-01
-3.017316800449169278e+01,8.428894537185611213e+00,6.322213356042596821e+00,1.886345943634020195e-01
-3.012626034310933676e+01,8.487142216957144214e+00,6.277013894452002418e+00,1.952129044906669719e-01
-3.008020803723733394e+01,8.546068404471624191e+00,6.233362460588355525e+00,2.018514051746623239e-01
-3.003505048723445725e+01,8.605682962409098025e+00,6.191351784009204273e+00,2.085351460651109212e-01
-2.999082811777193314e+01,8.665994413498189886e+00,6.151079794070607676e+00,2.152504877763283253e-01
-2.994758231411908156e+01,8.727009810852324634e+00,6.112649572062595738e+00,2.219811919685213686e-01
-2.990535533876981233e+01,8.788734602465579471e+00,6.076169258486692648e+00,2.287083147450426346e-01
-2.986419022670878576e+01,8.851172491481561266e+00,6.041751912126644974e+00,2.354101253192933396e-01
-2.982413065773805982e+01,8.914325294213915285e+00,6.009515318600234579e+00,2.420620580739308580e-01
-2.978522080448558640e+01,8.978192798283140874e+00,5.979574976165658917e+00,2.486260941599838237e-01
-2.974750510348212629e+01,9.042772594192797442e+00,5.951439930017717650e+00,2.541507366793361311e-01
-2.971102354121180511e+01,9.108057453638327416e+00,5.923777688632990035e+00,2.574832371083832228e-01
-2.967580572453042365e+01,9.174032582904153799e+00,5.896428437348685492e+00,2.605662001944808459e-01
-2.964188007107994238e+01,9.240681342614891491e+00,5.869480583779240312e+00,2.637890717859727729e-01
-2.960927567754103151e+01,9.307986284910532149e+00,5.843021640095285463e+00,2.671394217195836585e-01
-2.957802224806494706e+01,9.375929049178974850e+00,5.817138119248599359e+00,2.706036873870631965e-01
-2.954815001053525592e+01,9.444490259367709584e+00,5.791915317587652545e+00,2.741670629055495967e-01
-2.951968961982504069e+01,9.513649423808169914e+00,5.767436967864877140e+00,2.778133969380077728e-01
-2.949267204728842628e+01,9.583384838672278860e+00,5.743784742730186466e+00,2.815251022990413188e-01
-2.946712845583455831e+01,9.653673496371789398e+00,5.721037584083357608e+00,2.852830806337376401e-01
-2.944309006008079166e+01,9.724491000401645380e+00,5.702084295874381148e+00,2.889553014306082690e-01
-2.942058737582099326e+01,9.795811306335673763e+00,5.698232244528575130e+00,2.908822069351039707e-01
-2.939964123985629030e+01,9.867604165929034110e+00,5.693050610971593706e+00,2.912761808068999869e-01
-2.938026368862615101e+01,9.939836185277712843e+00,5.693050610971593706e+00,2.918074005409687088e-01
-2.936246679978781771e+01,1.001247380179086655e+01,5.676195078390376736e+00,2.925660538623141571e-01
-2.934626318781606003e+01,1.008548334754815734e+01,5.664711587173535179e+00,2.935454928398653074e-01
-2.933166597834476974e+01,1.015883094713137602e+01,5.651335593704553517e+00,2.947385261531214606e-01
-2.931868877317080901e+01,1.023248241731538677e+01,5.636188153167080550e+00,2.961373468337789028e-01
-2.930734560559824686e+01,1.030640316909503440e+01,5.619399781389971871e+00,2.977334519970711302e-01
-2.929765088576256460e+01,1.038055811260652916e+01,5.601109939407661997e+00,2.995175556922992643e-01
-2.928961933555078545e+01,1.045491156559756085e+01,5.583347831232372549e+00,3.014794962142854362e-01
-2.928326591272790935e+01,1.052942716620766106e+01,5.583347831232372549e+00,3.034032982535707634e-01
-2.927860458036515823e+01,1.060406772858208946e+01,5.575074871076630245e+00,3.040858452891905261e-01
-2.927564155067695140e+01,1.067879500854362185e+01,5.570559070922723954e+00,3.043056158386789889e-01
-2.927437958620989988e+01,1.075357039361775513e+01,5.563492453829856466e+00,3.047998422739225943e-01
-2.927482210589895217e+01,1.082835515320371833e+01,5.553938499430698172e+00,3.055756547661917510e-01
-2.927697321832276245e+01,1.090311031778683137e+01,5.541975305310401723e+00,3.066292498450328696e-01
-2.928083768617633353e+01,1.097779655581649472e+01,5.527695250108441982e+00,3.079562180808136373e-01
-2.928642087961296525e+01,1.105237405295719988e+01,5.509272800788836300e+00,3.095514609909185144e-01
-2.929372871806174672e+01,1.112680239430967966e+01,5.486863043713724686e+00,3.114090910150684732e-01
-2.930276760005027370e+01,1.120104045031413165e+01,5.477471238365462902e+00,3.141817588046789678e-01
-2.931354796214382219e+01,1.127504569227744646e+01,5.455606975605618914e+00,3.163869806725060352e-01
-2.932607599666268783e+01,1.134877513350410183e+01,5.455606975605618914e+00,3.177965678943796002e-01
-2.934035242092165063e+01,1.142218599326270834e+01,5.455606975605618914e+00,3.172452445180423686e-01
-2.935636616289012935e+01,1.149523750432623181e+01,5.456098468173808946e+00,3.162192722006639256e-01
-2.937410263630088991e+01,1.156788992393166104e+01,5.457444113136989294e+00,3.154450060096416486e-01
-2.939354774266446313e+01,1.164010376211213682e+01,5.459328390735178616e+00,3.149302915382299894e-01
-2.941468790119295917e+01,1.171183965873684407e+01,5.461469078760210039e+00,3.146808546145074548e-01
-2.943751005883240168e+01,1.178305826114890387e+01,5.463399615300403411e+00,3.147016771063385621e-01
-2.946200168796207208e+01,1.185372010177345281e+01,5.464919226248318829e+00,3.149970363302631027e-01
-2.948815077196913848e+01,1.192378547632816677e+01,5.465840868264951524e+00,3.155705270593927025e-01
-2.951594577881602532e+01,1.199321432325765890e+01,5.458526702137432629e+00,3.164250651991054597e-01
-2.954537562262533967e+01,1.206196610502864530e+01,5.458526702137432629e+00,3.174562675535187450e-01
-2.957642907359125317e+01,1.212999994494224154e+01,5.458526702137432629e+00,3.112018473046949119e-01
-2.960905726408021721e+01,1.219729295753911913e+01,5.463886304452417519e+00,2.903791882725363926e-01
-2.964313898455165841e+01,1.226386190520638308e+01,5.483981290039814382e+00,2.672458851768323984e-01
-2.967854429003523364e+01,1.232973671369609647e+01,5.516413107936149807e+00,2.439198647883256965e-01
-2.971514535393808742e+01,1.239495498409674568e+01,5.558637936386819689e+00,2.205188271423883517e-01
-2.975281701125466682e+01,1.245956100795762467e+01,5.608880598984967492e+00,1.971246258472212076e-01
-2.979143704076229682e+01,1.252360484832085064e+01,5.662930884544115528e+00,1.737864464280861609e-01
-2.983088622156061831e+01,1.258714150722554415e+01,5.590992718999977740e+00,1.505243549851571772e-01
-2.987104819847325388e+01,1.265023018984514103e+01,5.518226214131799701e+00,1.273329369177380044e-01
-2.991180918800924360e+01,1.271293366702117744e+01,5.444598014790288154e+00,1.041848373198809297e-01
-2.995305755266418402e+01,1.277531773143058125e+01,5.370072532139679389e+00,8.256559220454245951e-02
-2.999469037360168144e+01,1.283744595558315105e+01,5.294611746516588724e+00,8.225900824886081542e-02
-3.003670458522976006e+01,1.289931684477522644e+01,5.218175019703298112e+00,9.989909097441880548e-02
-3.007917982516511302e+01,1.296087205768770545e+01,5.140718668383594370e+00,1.188565344268596446e-01
-3.012220048643127157e+01,1.302204721907834717e+01,5.062195725272955471e+00,1.385133032523201413e-01
-3.016585247597018693e+01,1.308277338524219502e+01,4.982555595298234330e+00,1.589985121301727700e-01
-3.021022338105003513e+01,1.314297613456743541e+01,4.901743649339520559e+00,1.804384373683302345e-01
-3.025540253728561169e+01,1.320257460126454419e+01,4.819700756018915122e+00,2.048860405832958198e-01
-3.030148942665553236e+01,1.326147373012018527e+01,4.736362833506229997e+00,2.278815279477794109e-01
-3.034857313306173410e+01,1.331957873876138088e+01,4.651660213264574573e+00,2.527889522692925439e-01
-3.039674654807476273e+01,1.337678309435617940e+01,4.567111909498327016e+00,2.793042953175603471e-01
-3.044610390973809899e+01,1.343296860863315523e+01,4.483456498175659277e+00,3.007740650917600789e-01
-3.049671226856589357e+01,1.348802978507543848e+01,4.398210390527012237e+00,3.083413303496560509e-01
-3.054857665819630341e+01,1.354190959788733650e+01,4.310412561741517656e+00,3.196603334946462871e-01
-3.060171398177325486e+01,1.359453437743305670e+01,4.220569947963424440e+00,3.282107200455232632e-01
-3.065612653242502006e+01,1.364583914937530551e+01,4.127762448223227132e+00,3.364586368648156411e-01
-3.071181234871279031e+01,1.369575872980424691e+01,4.032336794770845501e+00,3.561842770537170244e-01
-3.076880764234714505e+01,1.374417755047461043e+01,3.935123812929920195e+00,3.763484292604082904e-01
-3.082714249670190654e+01,1.379097334362165483e+01,3.835566110824399022e+00,3.963026816443753209e-01
-3.088683781566054876e+01,1.383601998436825120e+01,3.735769566010758602e+00,4.305227112751711105e-01
-3.094795171541182555e+01,1.387912187212531201e+01,3.635823343663345142e+00,4.680690443937799428e-01
-3.101053536487469131e+01,1.392005855243759882e+01,3.538093136613809975e+00,5.203292767501582761e-01
-3.107466248667471476e+01,1.395852970810515181e+01,3.446088239667908670e+00,5.899116511411307551e-01
-3.114042197554921643e+01,1.399413596663742076e+01,3.360973716452220206e+00,6.624116506644921465e-01
-3.120786153678189478e+01,1.402644348904471983e+01,3.283488771784094595e+00,7.347804311349019901e-01
-3.127697068736831554e+01,1.405500023498429663e+01,3.213513251590270237e+00,8.031974884529879954e-01
-3.134766609072136134e+01,1.407935977444766884e+01,3.149404724537013145e+00,8.631454110171572491e-01
-3.141978249946565782e+01,1.409911259104825731e+01,3.087292715594530446e+00,9.098991113064938130e-01
-3.149307318101281794e+01,1.411392168126657864e+01,3.023905844846297875e+00,9.446037439910929256e-01
-3.156722535941768726e+01,1.412352706113976808e+01,2.959120820158372300e+00,9.900152150844128141e-01
-3.164188239827703697e+01,1.412762827757472373e+01,2.893849381139596222e+00,1.038626542062988101e+00
-3.171662933284602559e+01,1.412593274941001731e+01,2.831714048361024361e+00,1.101847800413883416e+00
-3.179098111254744197e+01,1.411810129279362869e+01,2.773403809787569507e+00,1.167635689805772703e+00
-3.186436662168940614e+01,1.410382797582841974e+01,2.729991760300993331e+00,1.230536114594201980e+00
-3.193613260752410099e+01,1.408288543886043698e+01,2.678332114463312763e+00,1.283689634998435691e+00
-3.200556631686152542e+01,1.405517553508455819e+01,2.678332114463312763e+00,1.319458648246532251e+00
-3.207194049942435754e+01,1.402077559079162761e+01,2.678332114463312763e+00,1.314466016771205226e+00
-3.213462899766475545e+01,1.398004090154118906e+01,2.680616275432613715e+00,1.231755270456090567e+00
-3.219331511769739507e+01,1.393372232996546245e+01,2.714746321061132228e+00,1.146961431027714751e+00
-3.224782612296566953e+01,1.388255412566929792e+01,2.766135360223517914e+00,1.078952653283412388e+00
-3.229804421547859050e+01,1.382716365532207448e+01,2.823786734353931127e+00,1.036981773228923043e+00
-3.234382877149923274e+01,1.376805196611323012e+01,2.877616579397779706e+00,1.006971740153763673e+00
-3.238504284856298199e+01,1.370566746007793490e+01,2.930457829784618884e+00,9.642733090440527288e-01
-3.242166171832679566e+01,1.364047767665099009e+01,2.972520033411986340e+00,9.724568529277377582e-01
-3.245345343373334401e+01,1.357280230744855132e+01,3.013995360653064726e+00,9.401700898077338664e-01
-3.248041815409204958e+01,1.350306310457935233e+01,3.053204404257606086e+00,9.262683695575877341e-01
-3.250249755272156449e+01,1.343162473093084941e+01,3.091917264824392220e+00,8.772075638056689995e-01
-3.251985171349814152e+01,1.335889218077762308e+01,3.139365148599341904e+00,8.117006784539351205e-01
-3.253276574450990211e+01,1.328524051042481524e+01,3.198814975299277386e+00,7.707173325826136567e-01
-3.254141924116021301e+01,1.321096547201460147e+01,3.259071983719533439e+00,7.470366122273982556e-01
-3.254591502887607390e+01,1.313632211748306666e+01,3.318235878095332936e+00,7.095129152938960404e-01
-3.254644836576928668e+01,1.306154548396023074e+01,3.379403674166907123e+00,6.851587433225210244e-01
-3.254315357977264256e+01,1.298683962221724819e+01,3.437030084066791780e+00,6.697462760853972741e-01
-3.253612494551855860e+01,1.291239198262936938e+01,3.490180628908284621e+00,6.596852810722454441e-01
-3.252543561403651751e+01,1.283838090961039136e+01,3.538091441591365349e+00,6.541358945607482767e-01
-3.251114191177347124e+01,1.276498027721989992e+01,3.585362344748392438e+00,6.123925823018459003e-01
-3.249350385469112013e+01,1.269230822044726459e+01,3.640684314705573854e+00,4.953734638413543334e-01
-3.247318639246368832e+01,1.262033657717562640e+01,3.723510495266847187e+00,3.702522723872309074e-01
-3.245088391013943152e+01,1.254895325498541503e+01,3.825946505289839816e+00,2.489140825162685089e-01
-3.242725629704475665e+01,1.247799641771706547e+01,3.940491103209419421e+00,1.316947162030396856e-01
-3.240293082946364933e+01,1.240727524994981223e+01,4.061160962405721442e+00,1.784417848563840669e-02
-3.237851098340112088e+01,1.233658654764868601e+01,4.179616718994185298e+00,-9.318744117908850377e-02
-3.235458447369765622e+01,1.226572968292851229e+01,4.283723129020759579e+00,-2.026977821100262589e-01
-3.233173496338642394e+01,1.219451893811349130e+01,4.279564603859588701e+00,-3.118864597371892033e-01
-3.231055260522626327e+01,1.212279571578794979e+01,4.210231883468634528e+00,-4.203092698028351171e-01
-3.229163470495204535e+01,1.205044374096155124e+01,4.172937353146668471e+00,-5.210441991221155256e-01
-3.227554910033719437e+01,1.197741134751332837e+01,4.145751240029864171e+00,-5.505772928569320213e-01
-3.226248221742730493e+01,1.190377886456686873e+01,4.145751240029864171e+00,-5.350828476875962858e-01
-3.225237041909919355e+01,1.182968264778660128e+01,4.155907599169503364e+00,-5.204155198218095579e-01
-3.224514832731687619e+01,1.175524915336627885e+01,4.173154821742677711e+00,-5.075612612327117246e-01
-3.224075517888658737e+01,1.168059524270895189e+01,4.195046815330997880e+00,-4.965772953718242677e-01
-3.223913594047886022e+01,1.160582970829341143e+01,4.219830521544462698e+00,-4.875036394823420438e-01
-3.224024214844909864e+01,1.153105481823901002e+01,4.246142096107321073e+00,-4.803713961433133672e-01
-3.224403253159102434e+01,1.145636785665797674e+01,4.272454181278119378e+00,-4.752096371570803668e-01
-3.225047346636478807e+01,1.138186265225220062e+01,4.297364956444321038e+00,-4.720510462116090933e-01
-3.225953930451034068e+01,1.130763109930782662e+01,4.320054632965470098e+00,-4.709364938332994410e-01
-3.227121260295154315e+01,1.123376468398835115e+01,4.340303031467176886e+00,-4.707086540560616039e-01
-3.228547765482291254e+01,1.116035466631626250e+01,4.360457421213263629e+00,-4.647209321106589019e-01
-3.230228423327751841e+01,1.108748428619189674e+01,4.381435806342398820e+00,-4.553671921712275639e-01
-3.232156157252043016e+01,1.101522801069901369e+01,4.405014741552963464e+00,-4.456246071409789011e-01
-3.234323524410113748e+01,1.094365379676424510e+01,4.431071978275528345e+00,-4.356917989656113877e-01
-3.236722863586611965e+01,1.087282327459009501e+01,4.459419157386411037e+00,-4.257150892035744261e-01
-3.239346409397278137e+01,1.080279203662688126e+01,4.489840438939970646e+00,-4.158255139561110592e-01
-3.242186392518316751e+01,1.073361003719519324e+01,4.522102961231414753e+00,-4.061388723794619460e-01
-3.245235125700884282e+01,1.066532207371709440e+01,4.555964161525712264e+00,-3.967563837932682191e-01
-3.248485075950686252e+01,1.059796832412477841e+01,4.591176701823798112e+00,-3.877658019270297518e-01
-3.251928923705620633e+01,1.053158491920676276e+01,4.627491552223133020e+00,-3.792399452036420149e-01
-3.255559608736013644e+01,1.046620452491862707e+01,4.664660991014216940e+00,-3.708841719281747440e-01
-3.259370194562993106e+01,1.040185589926886145e+01,4.702604554812833015e+00,-3.617700645680319571e-01
-3.263353441060451843e+01,1.033856137198681147e+01,4.741678366944562129e+00,-3.521352859899613552e-01
-3.267501954559860167e+01,1.027633736203282666e+01,4.782092773423993748e+00,-3.421852303618382884e-01
-3.271808313718632633e+01,1.021519496073585564e+01,4.823945073180762932e+00,-3.320144079346948329e-01
-3.276265135743506107e+01,1.015514029425725795e+01,4.867283181383968760e+00,-3.217085601564098618e-01
-3.280865133298845393e+01,1.009617492273737405e+01,4.912116083728940374e+00,-3.113441459640277076e-01
-3.285601162206760506e+01,1.003829626000216280e+01,4.958422885972762373e+00,-3.009881700359630652e-01
-3.290466260327103498e+01,9.981497999887091410e+00,5.006160438561903625e+00,-2.906982913445124161e-01
-3.295453678210618165e+01,9.925770537571795060e+00,5.055269629641441220e+00,-2.805231503204373422e-01
-3.300556902254502489e+01,9.871101376645924574e+00,5.105680493852631230e+00,-2.706635023333255896e-01
-3.305769735154807876e+01,9.817476145179012903e+00,5.157254635048811764e+00,-2.630201400160144254e-01
-3.311087035357599007e+01,9.764886442458873717e+00,5.209147324462179540e+00,-2.569266958044335025e-01
-3.316504397803007009e+01,9.713327931374267976e+00,5.260826159566602378e+00,-2.510514597127810332e-01
-3.322017603030957389e+01,9.662795432361289016e+00,5.312291114849815976e+00,-2.456996077722350125e-01
-3.327622723003268845e+01,9.613284365156525624e+00,5.363420321586053419e+00,-2.385012938068977739e-01
-3.333315252532239015e+01,9.564780827781182992e+00,5.415008677129184989e+00,-2.323905495505974583e-01
-3.339091211475157905e+01,9.517273847081414218e+00,5.466680817268314563e+00,-2.263202133587666198e-01
-3.344946745021443490e+01,9.470751183140674101e+00,5.518479838775845359e+00,-2.203072307928568840e-01
-3.350878129001880978e+01,9.425199485677438815e+00,5.570438012370679814e+00,-2.143662692554210714e-01
-3.356881773511094025e+01,9.380604441718404019e+00,5.622578382755717641e+00,-2.084446786699872267e-01
-3.362954204016478599e+01,9.336950616087058563e+00,5.674940700792796555e+00,-1.946778832427695782e-01
-3.369089559296251224e+01,9.294185344037009244e+00,5.730403304254821251e+00,-1.591658484333786650e-01
-3.375275404348651165e+01,9.252153247001009717e+00,5.795196551389023121e+00,-1.193303277561843512e-01
-3.381498529405970999e+01,9.210674750169639324e+00,5.867800427646939987e+00,-7.960527210561639533e-02
-3.387746249054868741e+01,9.169567404745439632e+00,5.850297142226708047e+00,-3.998889989238101073e-02
-3.394006240190940105e+01,9.128647055632821861e+00,5.780411967269813545e+00,-4.470167091612185220e-04
-3.400266368197421230e+01,9.087728798880755576e+00,5.709777781834736388e+00,3.907072285041798820e-02
-3.406514507757940180e+01,9.046627830975563000e+00,5.638366338375040421e+00,7.861480365444133145e-02
-3.412738363940107433e+01,9.005160294983060254e+00,5.566147620618965952e+00,1.182198929360662870e-01
-3.418925299157015729e+01,8.963144228223534071e+00,5.493089684261327044e+00,1.578887406085100753e-01
-3.425062172324127374e+01,8.920400712665939480e+00,5.420031236867242974e+00,1.945871091811313680e-01
-3.431136181112369599e+01,8.876768837513424160e+00,5.345974664633000195e+00,1.892449484349622568e-01
-3.437147855534511365e+01,8.832281574531538837e+00,5.270205902782213236e+00,1.488821599972117715e-01
-3.443109645472834757e+01,8.787127576191378964e+00,5.193447219378086288e+00,1.070320836721747881e-01
-3.449035115004616614e+01,8.741497705800677309e+00,5.115653960530048394e+00,6.528821427317454962e-02
-3.454938242371124346e+01,8.695578991321935902e+00,5.036778089440828943e+00,2.370149946122854234e-02
-3.460833223924749547e+01,8.649555688328817382e+00,4.956767816809993121e+00,-1.770784423254755449e-02
-3.466734293417286494e+01,8.603610509542376050e+00,4.875567178777645339e+00,-5.893134926245123528e-02
-3.472655548807535553e+01,8.557925904053730548e+00,4.793115552503564913e+00,-9.995370025577866857e-02
-3.478610778459008657e+01,8.512685275474119351e+00,4.709347097377329483e+00,-1.408608022254538850e-01
-3.484613320843596540e+01,8.468074598170961309e+00,4.624190112373068651e+00,-1.814809547733407802e-01
-3.490675834855569803e+01,8.424282804953445947e+00,4.537566294318052584e+00,-2.182529871446231007e-01
-3.496808994629149936e+01,8.381486431357879852e+00,4.449389763817203303e+00,-2.440502165317069982e-01
-3.503019217156258946e+01,8.339816568578568123e+00,4.359566072477135457e+00,-2.686518804455779175e-01
-3.509311873864373155e+01,8.299402794109862924e+00,4.267991075008425561e+00,-2.953452748186926602e-01
-3.515692217289333144e+01,8.260388698969629573e+00,4.174549394765856292e+00,-3.244648115077105599e-01
-3.522165295222379910e+01,8.222934171196719433e+00,4.081899418778710320e+00,-3.563444545120869056e-01
-3.528735815474927762e+01,8.187217774338931164e+00,3.990930807463245689e+00,-3.913067966685803700e-01
-3.535407948760336438e+01,8.153439143360859731e+00,3.902230340900360250e+00,-4.296445802314592943e-01
-3.542185055229111157e+01,8.121821258380801822e+00,3.816536032470125850e+00,-4.715923221238699226e-01
-3.549069319323874083e+01,8.092612371342486455e+00,3.734774887685530231e+00,-5.172854848655537019e-01
-3.556061278998222974e+01,8.066087249082110944e+00,3.657579476557683673e+00,-5.648053538897790382e-01
-3.563158921726896011e+01,8.042537141988525207e+00,3.581126417447649590e+00,-5.983385262996541165e-01
-3.570354757138396451e+01,8.022184027825280950e+00,3.503005216124222443e+00,-6.057484158372912209e-01
-3.577635274006822641e+01,8.005109035003616924e+00,3.418202518441285864e+00,-6.148816625660415980e-01
-3.584986497717354581e+01,7.991397186580746492e+00,3.326321752165350087e+00,-6.468991795117349231e-01
-3.592395343995625012e+01,7.981254481427035863e+00,3.231368776818402289e+00,-6.821960138377617389e-01
-3.599846160911139492e+01,7.974900899262435061e+00,3.132916720804618471e+00,-7.247025923765829658e-01
-3.607320254707840945e+01,7.972589964619320568e+00,3.034122753026193831e+00,-7.874867336663647910e-01
-3.614794904029586320e+01,7.974678427839211103e+00,2.941302947484149222e+00,-8.835757066222783562e-01
-3.622239188103175422e+01,7.981692380054249192e+00,2.855377231249387471e+00,-9.834378140853667905e-01
-3.629611391126216802e+01,7.994149334228275450e+00,2.782001765731290099e+00,-1.101100974989773329e+00
-3.636856047906646694e+01,8.012617036957339067e+00,2.717804491522389121e+00,-1.197787811567817551e+00
-3.643906618138047548e+01,8.037478113597217089e+00,2.683275266789665991e+00,-1.281405438523701257e+00
-3.650687307578654384e+01,8.068955138593093324e+00,2.676867245733320466e+00,-1.314601070629707324e+00
-3.657127073199036715e+01,8.106919912135344575e+00,2.635063961833256307e+00,-1.363151360939721668e+00
-3.663148181184441654e+01,8.151225338069661319e+00,2.635063961833256307e+00,-1.322397484643477172e+00
-3.668703710754109437e+01,8.201246756128803383e+00,2.652295612401748492e+00,-1.303877153234551889e+00
-3.673747316133349017e+01,8.256429927652234824e+00,2.669964121583592309e+00,-1.219131614070785741e+00
-3.678268786779864996e+01,8.315969097455772285e+00,2.708439801211510289e+00,-1.194536805027753612e+00
-3.682242262712501457e+01,8.379299399565406148e+00,2.746377501290702572e+00,-1.131122817128662916e+00
-3.685667502829265629e+01,8.445756493930781872e+00,2.791072827007176738e+00,-1.103686765847339490e+00
-3.688534204816119910e+01,8.514809272869731771e+00,2.835064827703656309e+00,-1.064033678977128083e+00
-3.690843841368693035e+01,8.585920275989519013e+00,2.880248196865960786e+00,-1.022653623542217227e+00
-3.692604220066178300e+01,8.658586697191047676e+00,2.927163627349901098e+00,-9.909011197584250974e-01
-3.693822528164196939e+01,8.732356873230086691e+00,2.973339558395619253e+00,-9.583855835546187807e-01
-3.694510116819472501e+01,8.806810775085581966e+00,3.019454661626527425e+00,-9.099382609424624402e-01
-3.694690432858993034e+01,8.881561597785841755e+00,3.071292887401418703e+00,-8.557744338278907570e-01
-3.694392782226932326e+01,8.956276584095181903e+00,3.129749936475270111e+00,-8.088226173984027767e-01
-3.693644396756922532e+01,9.030677478662084923e+00,3.191076646618760115e+00,-7.801037078845702855e-01
-3.692463805442147162e+01,9.104517304916440068e+00,3.251247843377053304e+00,-7.428307208013906759e-01
-3.690875351188049081e+01,9.177588203583324500e+00,3.312952590348989812e+00,-7.086896332817100852e-01
-3.688902260988135140e+01,9.249717005775412559e+00,3.367928943072112880e+00,-7.090679046558334697e-01
-3.686549876524938441e+01,9.320699907749444790e+00,3.422022530361386039e+00,-6.671543810899589477e-01
-3.683846607601282130e+01,9.390422312989963771e+00,3.472708893916274686e+00,-6.740197375350189812e-01
-3.680795653767732745e+01,9.458695615399426160e+00,3.522666449571117298e+00,-6.218414949288524340e-01
-3.677430750302791296e+01,9.525477992731074650e+00,3.581847953563329412e+00,-6.050143546468338407e-01
-3.673767335198358097e+01,9.590671499807276845e+00,3.640067963689717523e+00,-5.751678541898389563e-01
-3.669827073099931170e+01,9.654230418235554723e+00,3.700793249770322646e+00,-5.467253673415171100e-01
-3.665630379001285633e+01,9.716126632147506825e+00,3.762950307197375999e+00,-5.306490615978981529e-01
-3.661191458445102143e+01,9.776310405564153427e+00,3.821476247583414754e+00,-5.222245050881411110e-01
-3.656520999757164248e+01,9.834715952281515072e+00,3.879119477671885363e+00,-4.994792642451851838e-01
-3.651635767769755603e+01,9.891336965206564358e+00,3.936768780429267700e+00,-4.894151228041682122e-01
-3.646546672889009244e+01,9.946133032956971931e+00,3.991635649217442072e+00,-4.814407636904632914e-01
-3.641263664928624877e+01,9.999062432176812010e+00,4.045758701699132764e+00,-4.661494066017128901e-01
-3.635799380635273081e+01,1.005011936451786170e+01,4.100022634841443470e+00,-4.341895154173256999e-01
-3.630172190901954821e+01,1.009937637778335073e+01,4.160321523478379468e+00,-4.042706054411926431e-01
-3.624398662263624260e+01,1.014691050598279176e+01,4.225310549588760622e+00,-3.691716487184389384e-01
-3.618496117018462144e+01,1.019283312574469846e+01,4.296046551772193745e+00,-3.391906193165087346e-01
-3.612478988454474660e+01,1.023724420503090116e+01,4.370530461784462695e+00,-3.113312918769678972e-01
-3.606360086983346491e+01,1.028024270147360042e+01,4.447958547136869001e+00,-2.850585344013247813e-01
-3.600150904273689179e+01,1.032192733548507313e+01,4.527793267503502861e+00,-2.602676646840367258e-01
-3.593861752497188888e+01,1.036239578480962820e+01,4.609595896306243112e+00,-2.368266092795104638e-01
-3.587501902047797842e+01,1.040174422632780704e+01,4.693007276627629842e+00,-2.145837580537792166e-01
-3.581079714075874421e+01,1.044006716230556364e+01,4.777732610752952525e+00,-1.894303937429208384e-01
-3.574603860134708100e+01,1.047747662282793435e+01,4.767917699086695826e+00,-1.385598600703759897e-01
-3.568089558474864731e+01,1.051421321531342912e+01,4.683737015522286384e+00,-7.481558986323219584e-02
-3.561554786591363353e+01,1.055058483910866229e+01,4.598144396896505448e+00,-1.071031923363740569e-02
-3.555017101059703322e+01,1.058690412079437593e+01,4.511059478242811061e+00,5.383427217390220065e-02
-3.548494104048037912e+01,1.062348625064644203e+01,4.422394111949518702e+00,1.190832079585037312e-01
-3.542003973316018062e+01,1.066064768215426284e+01,4.332051274332659574e+00,1.852470959102725523e-01
-3.535565990296659322e+01,1.069870436693906157e+01,4.239923763257408496e+00,2.524071896689943917e-01
-3.529201043362085244e+01,1.073796901196516451e+01,4.145892633732048971e+00,3.204333467916913869e-01
-3.522932071219523209e+01,1.077874685592885307e+01,4.058589467187542432e+00,3.888962356533560705e-01
-3.516784393754977600e+01,1.082132952496951717e+01,3.982049820311423627e+00,4.566879652070276463e-01
-3.510785757315242250e+01,1.086598539258014462e+01,3.912032229270946626e+00,5.025032904132311629e-01
-3.504959093902873946e+01,1.091286261994858187e+01,3.840738639903373386e+00,5.106910842875042045e-01
-3.499315598705881314e+01,1.096192980479888668e+01,3.765159914145058906e+00,5.191824626944547827e-01
-3.493866746905846554e+01,1.101315001600465138e+01,3.684848346500293026e+00,5.376753212077465260e-01
-3.488628138957161440e+01,1.106651828816664285e+01,3.601699724299079364e+00,5.597448422494378795e-01
-3.483617424748405966e+01,1.112203056996054684e+01,3.515906995077704877e+00,5.870119557903565877e-01
-3.478855127484922605e+01,1.117968638364231992e+01,3.429872183795005913e+00,6.249686969896851574e-01
-3.474367338615724776e+01,1.123950210080368528e+01,3.345246373959373631e+00,6.724637800682027322e-01
-3.470185766667628968e+01,1.130149621833208862e+01,3.269717253457467443e+00,7.501003912069492685e-01
-3.466358183645344582e+01,1.136573396593481533e+01,3.201257624977781546e+00,8.160185056920026270e-01
-3.462929267002413525e+01,1.143218197618429599e+01,3.145511756638632583e+00,8.945153819220457159e-01
-3.459951783587654717e+01,1.150076930725750124e+01,3.090650388309959862e+00,9.326978390341099656e-01
-3.457458975574257920e+01,1.157126293727958455e+01,3.038655575870231385e+00,9.774529804114162612e-01
-3.455487028712754949e+01,1.164338517651719052e+01,2.985756814036247597e+00,1.001649118708920261e+00
-3.454059644544071972e+01,1.171677710000634498e+01,2.930012325939875595e+00,1.044711146302754301e+00
-3.453208567349480518e+01,1.179105706247364438e+01,2.874280938850370948e+00,1.089301337853260998e+00
-3.452963758827547736e+01,1.186578156587012778e+01,2.818518508325879690e+00,1.136476472181555897e+00
-3.453353019175980876e+01,1.194044259859192358e+01,2.762930797761281809e+00,1.187164497897195581e+00
-3.454401408352224223e+01,1.201446348972969069e+01,2.715247044492773654e+00,1.239883913269298032e+00
-3.456129176563900529e+01,1.208719697692316153e+01,2.663345549548049807e+00,1.283820766095760346e+00
-3.458544687182207156e+01,1.215794451674187293e+01,2.663345549548049807e+00,1.334351428224753056e+00
-3.461651278594573000e+01,1.222593989047375018e+01,2.645784126382900947e+00,1.332533818266523840e+00
-3.465417259698859453e+01,1.229051482783582827e+01,2.645784126382900947e+00,1.352125986053229978e+00
-3.469814337391743209e+01,1.235096976221064047e+01,2.645784126382900947e+00,1.350923461220743027e+00
-3.474797323825743689e+01,1.240669456061011289e+01,2.646331859186828783e+00,1.320447300959570525e+00
-3.480304334074494932e+01,1.245724940604621445e+01,2.658620680737579622e+00,1.311004667292564374e+00
-3.486278884645249576e+01,1.250218590963678267e+01,2.670853295335713362e+00,1.252322685044868544e+00
-3.492646821468932217e+01,1.254135187382399508e+01,2.701037150029208522e+00,1.188158772730669721e+00
-3.499336807904329305e+01,1.257472506413250457e+01,2.743388264369877039e+00,1.129515092979083812e+00
-3.506284353325845871e+01,1.260234628751635988e+01,2.792255406833654252e+00,1.072611347694192308e+00
-3.513430830296028518e+01,1.262432148652811570e+01,2.845777717501415172e+00,1.018196798019577187e+00
-3.520723756039822661e+01,1.264080484512890301e+01,2.902682542221004081e+00,9.665249622416456354e-01
-3.528116717965063032e+01,1.265198542931963921e+01,2.962103070633707702e+00,9.175069370902736443e-01
-3.535569112130374947e+01,1.265807706023885437e+01,3.022885594128350562e+00,8.827993450552301669e-01
-3.543045669049132584e+01,1.265924417018696424e+01,3.082471517415495743e+00,8.128852985295319522e-01
-3.550515689911251371e+01,1.265587079283806027e+01,3.151409308827235911e+00,7.250447708544222047e-01
-3.557956726277032544e+01,1.264845654796395280e+01,3.232709396325729401e+00,6.629803206181554831e-01
-3.565352055476511595e+01,1.263736550167002015e+01,3.318288934245583910e+00,5.987979574044164366e-01
-3.572690459639991900e+01,1.262297630895925593e+01,3.408676735223528986e+00,5.443602091200056003e-01
-3.579964360869109186e+01,1.260561327165222423e+01,3.501737987984510969e+00,5.128739566975619724e-01
-3.587166443638759716e+01,1.258547444134403115e+01,3.592953451772834761e+00,4.742103479053703663e-01
-3.594292643996174519e+01,1.256279529178471499e+01,3.684657019547485035e+00,4.430376024160430082e-01
-3.601339847550897133e+01,1.253776841659954400e+01,3.775755472210779562e+00,4.208061976925895897e-01
-3.608304870557141442e+01,1.251053687542025017e+01,3.864810882272696091e+00,4.015718848048524525e-01
-3.615185048229423614e+01,1.248122642112885572e+01,3.951860516050541783e+00,3.794277877827275103e-01
-3.621979365680069662e+01,1.244997581336607162e+01,4.038011227666127745e+00,3.599451977229027322e-01
-3.628687151913032949e+01,1.241690793022035777e+01,4.123076881822748341e+00,3.347946346040192589e-01
-3.635310069011184453e+01,1.238217126942315538e+01,4.208708378190638477e+00,3.141191981667030841e-01
-3.641849583959018588e+01,1.234588861820069816e+01,4.294152759024242094e+00,2.951554614207342331e-01
-3.648307444866783555e+01,1.230817149083069140e+01,4.379300746709015257e+00,2.773429782384898568e-01
-3.654685712215036375e+01,1.226912315428516109e+01,4.464148701559420118e+00,2.606223892684104704e-01
-3.660986683010192166e+01,1.222883913701216230e+01,4.548684824489580336e+00,2.449250465610622596e-01
-3.667212829854859990e+01,1.218740778385724610e+01,4.632893816023766043e+00,2.301761981795100998e-01
-3.673366753105102589e+01,1.214491083247398784e+01,4.716760156934947545e+00,2.165073257744460911e-01
-3.679451075491163436e+01,1.210142304275742120e+01,4.800227870134226471e+00,2.068873629478855669e-01
-3.685467394671632491e+01,1.205699910740727532e+01,4.882423995567354069e+00,2.006056321884827354e-01
-3.691416399470559639e+01,1.201167759955526648e+01,4.963121791148056516e+00,1.944207748197294694e-01
-3.697298887412534896e+01,1.196549591679687019e+01,5.042491796800382176e+00,1.881735799674891241e-01
-3.703115811296756021e+01,1.191849098798837403e+01,5.120631777084486913e+00,1.818827925721094863e-01
-3.708868267822843734e+01,1.187069917486329906e+01,5.197653433445024618e+00,1.755652965796176135e-01
-3.714557486334818037e+01,1.182215618973641114e+01,5.273691199627677406e+00,1.692361218052675365e-01
-3.720184817824178225e+01,1.177289702842974251e+01,5.348865417237072428e+00,1.629084738448543790e-01
-3.725751724310018176e+01,1.172295591743999132e+01,5.423283345987700343e+00,1.565937828273777921e-01
-3.731259768692171974e+01,1.167236627429285178e+01,5.497040158547969568e+00,1.506193147642383989e-01
-3.736710482860132032e+01,1.162115939221243721e+01,5.570150129359910274e+00,1.448040928044258269e-01
-3.742105426177886329e+01,1.156936524161069002e+01,5.642647760193727713e+00,1.408591714574726206e-01
-3.747445509875452530e+01,1.151700565712301305e+01,5.714070449910673588e+00,1.377412801407223442e-01
-3.752731375264442448e+01,1.146409877070851380e+01,5.784488367107689655e+00,1.346487070838025268e-01
-3.757963697549464399e+01,1.141066229438116508e+01,5.853966521610026064e+00,1.315838278888389890e-01
-3.763143182912954643e+01,1.135671351538239726e+01,5.922565146045097428e+00,1.285486837202712285e-01
-3.768270565754783519e+01,1.130226929350636134e+01,5.990340050218702750e+00,1.255449980758688577e-01
-3.773346606090330368e+01,1.124734606038382090e+01,6.057342950870288512e+00,1.225741937126414716e-01
-3.778372087109084276e+01,1.119195982053860305e+01,6.123612776339272479e+00,1.196374094326182191e-01
-3.783347812894445639e+01,1.113612615403977735e+01,6.189182075509890524e+00,1.167355165754686286e-01
-3.788274606304243974e+01,1.107986022058222808e+01,6.254094039618984802e+00,1.138875715933169025e-01
-3.793153299169780723e+01,1.102317669787071885e+01,6.318353872205395128e+00,1.114564820775700849e-01
-3.797984575357561710e+01,1.096608848258364688e+01,6.381848357302184027e+00,1.094784913072236743e-01
-3.802768949505846052e+01,1.090860661777966989e+01,6.444610925908092369e+00,1.075383077750539373e-01
-3.807506940538345930e+01,1.085074183047320773e+01,6.506680141976170617e+00,1.056071403778521683e-01
-3.812199083117977949e+01,1.079250463898332058e+01,6.568092337877372344e+00,1.036860191706466261e-01
-3.816845926498297814e+01,1.073390535137233748e+01,6.628881741141415596e+00,1.017758687762702896e-01
-3.821448033425605928e+01,1.067495406453846840e+01,6.689080594349353426e+00,9.987751200767371051e-02
-3.826005979092679610e+01,1.061566066391523933e+01,6.748719268711028896e+00,9.799167352214299687e-02
-3.830520350144758623e+01,1.055603482373249058e+01,6.807826371749078120e+00,9.611898355149517403e-02
-3.834991743738127923e+01,1.049608600779487055e+01,6.866424697945406663e+00,9.425998161568746592e-02
-3.839420766651384298e+01,1.043582347073570382e+01,6.924531314677430771e+00,9.245669965079048036e-02
-3.843808015586482441e+01,1.037525612368782468e+01,6.982117790333894014e+00,9.088898188261899935e-02
-3.848153994337209838e+01,1.031439195800372488e+01,7.039178565030756118e+00,8.942023268927884461e-02
-3.852459173833534578e+01,1.025323851428636779e+01,7.095736718653710362e+00,8.796165318315521398e-02
-3.856724031691677368e+01,1.019180317920709200e+01,7.151814387618872892e+00,8.651270147674276767e-02
-3.860949052054954933e+01,1.013009318928860836e+01,7.207432578873527618e+00,8.507369483597157500e-02
-3.865134725054194575e+01,1.006811563193593528e+01,7.262611229411126246e+00,8.364490351854778072e-02
-3.869281546297731467e+01,1.000587744668983170e+01,7.317369262961276988e+00,8.222655247888774332e-02
-3.873390016390769830e+01,9.943385426684493211e+00,7.371720562633500506e+00,8.081882322378476646e-02
-3.877460640483744925e+01,9.880646220291442461e+00,7.425678140180048459e+00,7.942185552342059807e-02
-3.881493927849296455e+01,9.817666332932997619e+00,7.479258728573252135e+00,7.803691178120344962e-02
-3.885490390936917748e+01,9.754452125587596001e+00,7.532477889069072674e+00,7.674204196116846122e-02
-3.889450507970458659e+01,9.691009586447703938e+00,7.585299137652407708e+00,7.560059577370979722e-02
-3.893374691975279944e+01,9.627344155090783673e+00,7.637728761889788665e+00,7.448180025890144274e-02
-3.897263352024165783e+01,9.563461120152878081e+00,7.689782466448191300e+00,7.336689898023064649e-02
-3.901116901888191535e+01,9.499365676637726352e+00,7.741475264875400164e+00,7.225611375695085992e-02
-3.904935759729872302e+01,9.435062926371925229e+00,7.792821509543369274e+00,7.114964182126042036e-02
-3.908720347811079421e+01,9.370557878576608601e+00,7.843831648528754030e+00,7.004765653323886954e-02
-3.912471092215646706e+01,9.305855450547817043e+00,7.894515468055225860e+00,6.895030795882756136e-02
-3.916188422586643725e+01,9.240960468438059294e+00,7.944885873694802036e+00,6.785772358000591309e-02
-3.919872771878177531e+01,9.175877668131864340e+00,7.994955201832143921e+00,6.677000893708590068e-02
-3.923524576121605634e+01,9.110611696208327004e+00,8.044735244500618165e+00,6.572134270698365421e-02
-3.927144257505603520e+01,9.045167018930246883e+00,8.094098553406727348e+00,6.519319367503516316e-02
-3.930731987646534975e+01,8.979546636679977212e+00,8.143013770976052612e+00,6.474876295363117540e-02
-3.934287899840751379e+01,8.913753293041120074e+00,8.191486547825576281e+00,6.432368164781460118e-02
-3.937812120386513470e+01,8.847789651573128467e+00,8.239515256518771480e+00,6.394014723261469413e-02
-3.941304757422139460e+01,8.781658240471172050e+00,8.287112047990826014e+00,6.355196899697815316e-02
-3.944765923554426479e+01,8.715361576603173788e+00,8.334288772982811011e+00,6.315931370852599647e-02
-3.948195735765601455e+01,8.648902164640302814e+00,8.381056989756082487e+00,6.276234714781418755e-02
-3.951594315319176332e+01,8.582282496217528589e+00,8.427427971310674337e+00,6.236123396872627483e-02
-3.954961787664843342e+01,8.515505049124412196e+00,8.473412712141515257e+00,6.195613762261198421e-02
-3.958298282342524033e+01,8.448572286525919850e+00,8.519027153311899525e+00,6.153132992327520201e-02
-3.961603940868545237e+01,8.381486695283150823e+00,8.564109191199730020e+00,5.867868012918488196e-02
-3.964880128257272673e+01,8.314256670482226497e+00,8.608620045593257331e+00,4.853340865166594353e-02
-3.968131892600056432e+01,8.246908153425328791e+00,8.652575062234451053e+00,3.682232714547879066e-02
-3.971365098542277394e+01,8.179470327629239534e+00,8.695988925198729902e+00,2.511497430816290663e-02
-3.974585632489370113e+01,8.111971881141762708e+00,8.738875701826755105e+00,1.341149702195690817e-02
-3.977799394880310047e+01,8.044441160400420898e+00,8.781248877922893215e+00,1.711145274789370582e-03
-3.981012293066928720e+01,7.976906326789021229e+00,8.823121390434049971e+00,-9.987305846906411461e-03
-3.984230234517880831e+01,7.909395514555430218e+00,8.864505657824800267e+00,-2.168513497531059792e-02
-3.987459120063630280e+01,7.841936988819278476e+00,8.905413608343806686e+00,-3.338325361757856630e-02
-3.990704836898711250e+01,7.774559302407054062e+00,8.945856706357467658e+00,-4.508178536161049771e-02
-3.993973251059903617e+01,7.707291450203064720e+00,8.985845976910068700e+00,-5.656396614614593588e-02
-3.997270090933538711e+01,7.640162485626044386e+00,9.024745122080080506e+00,-6.429596382127222842e-02
-4.000599171167189638e+01,7.573192837300132929e+00,9.061454503535717464e+00,-6.823469524837873224e-02
-4.003962382662127339e+01,7.506393955778565719e+00,9.095917801406852021e+00,-7.195223622696321486e-02
-4.007361490027955853e+01,7.439777028601959330e+00,9.127971971966832854e+00,-7.567373289526037328e-02
-4.010798243617009007e+01,7.373353547513831430e+00,9.157442795632674049e+00,-7.939831441040387516e-02
-4.014274377945009320e+01,7.307135320310407245e+00,9.184143693643658679e+00,-8.312483279966392802e-02
-4.017791609936590902e+01,7.241134481620890462e+00,9.207874251490009598e+00,-8.685184877423159089e-02
-4.021351636990865330e+01,7.175363502491149958e+00,9.208721201622580566e+00,-9.057761794030130820e-02
-4.024956134863261070e+01,7.109835198633813746e+00,9.178286174404551190e+00,-9.430007747499244419e-02
-4.028606755361045089e+01,7.044562737197728630e+00,9.150230633627240096e+00,-9.801683366573842038e-02
-4.032305123851370610e+01,6.979559641901273537e+00,9.124403399311718843e+00,-1.013254799654096788e-01
-4.036052643382730309e+01,6.914838672025248378e+00,9.099247251889114096e+00,-1.027292194033338629e-01
-4.039849775528914932e+01,6.850407523503059259e+00,9.074200980432205910e+00,-1.034874282271261436e-01
-4.043696659852172814e+01,6.786272180248747787e+00,9.049267516114698040e+00,-1.042516284709516239e-01
-4.047593430757834199e+01,6.722438710643823256e+00,9.024453838362285651e+00,-1.050262370948911311e-01
-4.051540219388672881e+01,6.658913280963473014e+00,8.999766809173756599e+00,-1.058108946092041480e-01
-4.055537153199613698e+01,6.595702155430238633e+00,8.975213161048589683e+00,-1.066052216871439251e-01
-4.059584355521315757e+01,6.532811696117937217e+00,8.950799483503788068e+00,-1.074088183441689048e-01
-4.063681945112717386e+01,6.470248362696629840e+00,8.926532208063131080e+00,-1.082212630913277074e-01
-4.067830035702641567e+01,6.408018712009413420e+00,8.902417591678702280e+00,-1.090421121574310925e-01
-4.072028735520650145e+01,6.346129397471592881e+00,8.878460261408800847e+00,-1.098693167529679882e-01
-4.076278146090732690e+01,6.284587163234710339e+00,8.854578393604944253e+00,-1.106076397946862411e-01
-4.080578318441011021e+01,6.223398537729469382e+00,8.830850772237154089e+00,-1.114360900401219073e-01
-4.084929334924880351e+01,6.162570407340740353e+00,8.807059225585526008e+00,-1.118331938694137190e-01
-4.089331072558270108e+01,6.102108308636819523e+00,8.783032005226633743e+00,-1.124196912177325702e-01
-4.093783486953446982e+01,6.042018424109051544e+00,8.758948694644171695e+00,-1.130494484024806290e-01
-4.098286544597747394e+01,5.982307121770782388e+00,8.734827968919377739e+00,-1.136942824094763771e-01
-4.102840209698579343e+01,5.922980865467017075e+00,8.710676968589799785e+00,-1.143538870606246871e-01
-4.107444443744120832e+01,5.864046215271680573e+00,8.686502595347379341e+00,-1.150279400533651963e-01
-4.112099205054003193e+01,5.805509827737270534e+00,8.662311501197541119e+00,-1.157161019478022135e-01
-4.116804448319955156e+01,5.747378455988028101e+00,8.638110076079573929e+00,-1.164180151700461852e-01
-4.121560124136422587e+01,5.689658949647696140e+00,8.613900795138032862e+00,-1.171291932457933643e-01
-4.126366176764661020e+01,5.632358239767780717e+00,8.589660188285579423e+00,-1.178202859720855478e-01
-4.131222531384047869e+01,5.575483232595808580e+00,8.565377740117902761e+00,-1.185065936377905360e-01
-4.136129100638832767e+01,5.519040861876515436e+00,8.541058493401413543e+00,-1.192061536948164080e-01
-4.141085792119110920e+01,5.463038153797542762e+00,8.516707381170174784e+00,-1.199188387149338064e-01
-4.146092507985983389e+01,5.407482227388917373e+00,8.492328970534170907e+00,-1.206442247518806354e-01
-4.151149144469412278e+01,5.352380293735727435e+00,8.467927441358126472e+00,-1.213818655255186896e-01
-4.156255591357329138e+01,5.297739654978666834e+00,8.443506563012434185e+00,-1.221312913979980819e-01
-4.161411731476313491e+01,5.243567703092180565e+00,8.419069669165764935e+00,-1.228920083938283142e-01
-4.166617440164276331e+01,5.189871918429495246e+00,8.394619630544896793e+00,-1.236634972128386190e-01
-4.171872584735609735e+01,5.136659868023992992e+00,8.370158918503131318e+00,-1.244453197606603390e-01
-4.177177023981549553e+01,5.083939204064391149e+00,8.345697743310530825e+00,-1.252464810960472463e-01
-4.182530611352419214e+01,5.031717700119341607e+00,8.321256104671329368e+00,-1.260781677181757321e-01
-4.187933198828746129e+01,4.980003297553165176e+00,8.296835704898930075e+00,-1.269186256513134825e-01
-4.193384627940994847e+01,4.928804019753190602e+00,8.272433828846320836e+00,-1.277627343882377642e-01
-4.198884727494504432e+01,4.878127950781811606e+00,8.248046953424765348e+00,-1.286097021206994151e-01
-4.204433313019642071e+01,4.827983230945236848e+00,8.223670698690012770e+00,-1.294587054769020806e-01
-4.210030186224429372e+01,4.778378052027769662e+00,8.199299777402007550e+00,-1.303088893512864277e-01
-4.215675134451159067e+01,4.729320652184629381e+00,8.174927943197605629e+00,-1.311593667476582403e-01
-4.221367930138583802e+01,4.680819310486741713e+00,8.150547937665146847e+00,-1.320092187650132032e-01
-4.227108330291367366e+01,4.632882341111941749e+00,8.126151436654966531e+00,-1.328574947262066708e-01
-4.232896075958599624e+01,4.585518087178063418e+00,8.101734554990430937e+00,-1.337097696119204648e-01
-4.238730894007110805e+01,4.538734942907605152e+00,8.077360925243196377e+00,-1.346460363049904740e-01
-4.244612524459969194e+01,4.492541704191384433e+00,8.053077192408256479e+00,-1.356442183392814194e-01
-4.250540711362440760e+01,4.446947479543569948e+00,8.028872223232323080e+00,-1.366344577177207309e-01
-4.256515177886996071e+01,4.401961384596871696e+00,8.004731025760289498e+00,-1.376126281762121983e-01
-4.262535624856771221e+01,4.357592520006640768e+00,7.980636913093036355e+00,-1.385772976723980698e-01
-4.268601730259143068e+01,4.313849960766343195e+00,7.956571429304879040e+00,-1.395270033919394082e-01
-4.274713148793079398e+01,4.270742745089931347e+00,7.932514279752527209e+00,-1.404602541346943179e-01
-4.280869511453556697e+01,4.228279862874596340e+00,7.908443267074718896e+00,-1.413755328729992544e-01
-4.287070425156361608e+01,4.186470243759666587e+00,7.884528938359530947e+00,-1.425026253765258044e-01
-4.293315543012988655e+01,4.145323828879422301e+00,7.860541855155070756e+00,-1.432126710786621737e-01
-4.299604369914332125e+01,4.104848635381533661e+00,7.836360772284548304e+00,-1.440175147200635219e-01
-4.305936423795880330e+01,4.065053118133177712e+00,7.812187644418805199e+00,-1.450657677938145540e-01
-4.312311276716214081e+01,4.025946890103267783e+00,7.788088994029547685e+00,-1.461363130542307764e-01
-4.318728485944487971e+01,3.987539690437130080e+00,7.764040942906563991e+00,-1.471847417425737048e-01
-4.325187580674402454e+01,3.949841169677958508e+00,7.740017142934378036e+00,-1.482090442778451200e-01
-4.331688061692542391e+01,3.912860873730886091e+00,7.715988695264750064e+00,-1.492071833341704901e-01
-4.338229401113699879e+01,3.876608227370120563e+00,7.691924083001134171e+00,-1.501770989014695468e-01
-4.344811042187753003e+01,3.841092517329012246e+00,7.667789120133774894e+00,-1.511167137434140106e-01
-4.351432399182521493e+01,3.806322875017833507e+00,7.643577951887920996e+00,-1.520239392783756249e-01
-4.358092857346870375e+01,3.772308258918949608e+00,7.619259691060703332e+00,-1.528966818232594949e-01
-4.364791772958078298e+01,3.739057436713936422e+00,7.594795858983163228e+00,-1.536974799691658289e-01
-4.371528464953465232e+01,3.706578788607421071e+00,7.570117500449510040e+00,-1.530161259072556068e-01
-4.378301883331954514e+01,3.674873147142267982e+00,7.544064494992581693e+00,-1.502235798764511854e-01
-4.385110495570374667e+01,3.643930443567404698e+00,7.515091860961320869e+00,-1.472660013796352196e-01
-4.391952774924257596e+01,3.613739449417548322e+00,7.483177526823286740e+00,-1.446806566374136960e-01
-4.398827321426578152e+01,3.584290539414460852e+00,7.448652416976838886e+00,-1.415794756855721648e-01
-4.405732663109257174e+01,3.555571151919684425e+00,7.411282493332764787e+00,-1.385437841750796206e-01
-4.412667389935236884e+01,3.527568764472964524e+00,7.371202544530978784e+00,-1.356596107399029028e-01
-4.419630168869110776e+01,3.500271364643235295e+00,7.328582063874836905e+00,-1.328019640024253323e-01
-4.426619714924417082e+01,3.473666824330168712e+00,7.283513185398438061e+00,-1.299733523299916871e-01
-4.433634790565791661e+01,3.447742927584766193e+00,7.236083789576849945e+00,-1.271759944287783328e-01
-4.440674204984296125e+01,3.422487396478113286e+00,7.186377268523077788e+00,-1.245432872822366255e-01
-4.447736837195069626e+01,3.397888610204251592e+00,7.134525859321306562e+00,-1.238338343731992253e-01
-4.454821946293554902e+01,3.373944947681876805e+00,7.081331542230763887e+00,-1.248840293856673805e-01
-4.461929107486162138e+01,3.350664043836987904e+00,7.027462644379325774e+00,-1.262151414736746580e-01
-4.469057926178232520e+01,3.328055024600306222e+00,6.972997848590714476e+00,-1.277563069409958507e-01
-4.476208020283408473e+01,3.306128143794041740e+00,6.917985685479243863e+00,-1.295120301449782518e-01
-4.483379016296853337e+01,3.284894817126337685e+00,6.862474104091260685e+00,-1.314879719504405686e-01
-4.490570545256287716e+01,3.264367661980844826e+00,6.806569468458700811e+00,-1.336909605266709822e-01
-4.497782238530419363e+01,3.244560543102332328e+00,6.750321430977852089e+00,-1.361290099434621925e-01
-4.505013723370871048e+01,3.225488624299729601e+00,6.693781481788385612e+00,-1.388113459067730482e-01
-4.512264618159219509e+01,3.207168426302978048e+00,6.637217005455260832e+00,-1.423374549874403538e-01
-4.519534602803617673e+01,3.189621097363224411e+00,6.580166310950013475e+00,-1.436714493220748734e-01
-4.526823020946066833e+01,3.172855896107685592e+00,6.522257652907053505e+00,-1.278610625708399007e-01
-4.534127146604789971e+01,3.156788365302504396e+00,6.458685333517841798e+00,-1.004592493197280362e-01
-4.541443146719983304e+01,3.141270024307351694e+00,6.394577316071847761e+00,-7.238227838344464538e-02
-4.548767447285182897e+01,3.126147929205838949e+00,6.329917196683055636e+00,-4.385554144738363497e-02
-4.556096672898170397e+01,3.111266131932512558e+00,6.264687756457486323e+00,-1.483967735138708166e-02
-4.563427547282645946e+01,3.096465682206074987e+00,6.198870901757435270e+00,1.471674470055985354e-02
-4.570756786665434390e+01,3.081584558593168932e+00,6.132447599338068933e+00,4.487113923016773642e-02
-4.578080986014410314e+01,3.066457574332682956e+00,6.065397805455013724e+00,7.568019669340574074e-02
-4.585396498026774026e+01,3.050916308840173397e+00,5.997700387866651717e+00,1.071923837011194980e-01
-4.592699304909894664e+01,3.034789121882119023e+00,5.929333039442767017e+00,1.394394740019994916e-01
-4.599984883471010733e+01,3.017901314175384542e+00,5.861776872503285496e+00,1.679309254521701433e-01
-4.607248670702878712e+01,3.000099908543848670e+00,5.795040393397388634e+00,1.773014439394464126e-01
-4.614488212984698379e+01,2.981336968976992630e+00,5.727526394013868760e+00,1.801398613759145062e-01
-4.621701815481672782e+01,2.961600493335825313e+00,5.658874190597270371e+00,1.842495803395987342e-01
-4.628887532247694736e+01,2.940871982730395739e+00,5.589413410193706966e+00,1.888375179818802818e-01
-4.636043254034279926e+01,2.919130823352586557e+00,5.519210948594667876e+00,1.939345508049852562e-01
-4.643166687557290118e+01,2.896354197429990673e+00,5.448316221676045679e+00,1.995751959290491540e-01
-4.650255332346713288e+01,2.872516987819804246e+00,5.376782226798378694e+00,2.057978574977530339e-01
-4.657306454847780230e+01,2.847591677311315017e+00,5.305556320565204764e+00,2.158968721756965303e-01
-4.664316413239415482e+01,2.821531246783553826e+00,5.233548827446297125e+00,2.223487127822984522e-01
-4.671282058895840095e+01,2.794308919278695402e+00,5.160769117242870685e+00,2.293059574031598435e-01
-4.678199990956758114e+01,2.765896227565917354e+00,5.087674688282116442e+00,2.384644827683822521e-01
-4.685066159707178457e+01,2.736254449802355992e+00,5.016628715604293021e+00,2.565791199790023458e-01
-4.691874183094161310e+01,2.705300829042910582e+00,4.944562136908706940e+00,2.610781838513310804e-01
-4.698620460661951626e+01,2.673024115325530303e+00,4.873098992809233643e+00,2.775559433438359869e-01
-4.705298285344857590e+01,2.639354291183583445e+00,4.803272260970778973e+00,2.950709041730480431e-01
-4.711900184149364179e+01,2.604219394508449525e+00,4.733868461730724064e+00,3.086430601767057857e-01
-4.718419218597019693e+01,2.567570428014323003e+00,4.667762813385785137e+00,3.318224339835362802e-01
-4.724845307411710849e+01,2.529315457529432987e+00,4.604443206898649166e+00,3.527947054362672308e-01
-4.731168215964790136e+01,2.489379032195728314e+00,4.543993473149525286e+00,3.735998098393172873e-01
-4.737377091705418763e+01,2.447692218267460973e+00,4.486193092101601998e+00,3.933794579601025965e-01
-4.743460691322681555e+01,2.404197387952600629e+00,4.427638147058048368e+00,3.989531791001038052e-01
-4.749411838841052713e+01,2.358907571218452848e+00,4.366655872638554037e+00,4.046885592420826905e-01
-4.755223220662510641e+01,2.311838187014553014e+00,4.303037975062212972e+00,4.150958042550988436e-01
-4.760885726252708139e+01,2.262988230136567580e+00,4.237982465701305657e+00,4.275062736344243941e-01
-4.766389211614555421e+01,2.212353667433566873e+00,4.172478265125773689e+00,4.430207177727499834e-01
-4.771721984617015977e+01,2.159924322030029487e+00,4.109736181442007918e+00,4.687916919189619724e-01
-4.776867729015177133e+01,2.105658790264095526e+00,4.046718183250227696e+00,4.855895856767699081e-01
-4.781813083277722853e+01,2.049561721645992041e+00,3.989268528721312546e+00,5.198768670127345004e-01
-4.786536700543731371e+01,1.991585845559164625e+00,3.932010384244138290e+00,5.381175276361831461e-01
-4.791023296457743896e+01,1.931757645691469572e+00,3.876541108824328674e+00,5.613943229561670911e-01
-4.795254917512311721e+01,1.870100066925888260e+00,3.820700449600152648e+00,5.791174884059285821e-01
-4.799215722090494296e+01,1.806669208102487989e+00,3.764031709505291978e+00,5.903316153332467398e-01
-4.802892847743945737e+01,1.741552963574754198e+00,3.704418875920374887e+00,5.985424015494757999e-01
-4.806275052744302911e+01,1.674857253943133895e+00,3.641021352544193235e+00,6.215150121402532868e-01
-4.809343831599955621e+01,1.606663782092287773e+00,3.591251381342100757e+00,6.844219416619148344e-01
-4.812059859927983041e+01,1.536991962964638025e+00,3.551551687165948490e+00,7.293905653413945700e-01
-4.814392240927235633e+01,1.465944772661435636e+00,3.551551687165948490e+00,7.503082272663841312e-01
-4.816322813129316671e+01,1.393701891126333470e+00,3.551551687165948490e+00,7.424295344240806616e-01
-4.817849813469836562e+01,1.320499077353338935e+00,3.556199223804852760e+00,6.982071045128878106e-01
-4.818992939218647109e+01,1.246598509555496559e+00,3.551685348514878715e+00,7.110129520288024363e-01
-4.819741936582340713e+01,1.172196134526666045e+00,3.510413864727162103e+00,7.435483314923704290e-01
-4.820076567003301449e+01,1.097493965522874149e+00,3.473473651688311126e+00,7.721337704369236610e-01
-4.819979866854706785e+01,1.022723806845350358e+00,3.473473651688311126e+00,7.844287077598225411e-01
-4.819445322024215272e+01,9.481389039073628844e-01,3.473473651688311126e+00,7.801748418782886718e-01
-4.818477109612768317e+01,8.739913641713853432e-01,3.475961051948533775e+00,7.771729150182887791e-01
-4.817080158284075964e+01,8.005303365420370909e-01,3.479528789309754178e+00,7.345015278617965659e-01
-4.815282263414263753e+01,7.279454573047954291e-01,3.504055993824607640e+00,7.025162604944901190e-01
-4.813105889521154523e+01,6.564029069962248331e-01,3.537952173427612479e+00,6.707348604221059496e-01
-4.810573733995683909e+01,5.860404165829425915e-01,3.578974565376495942e+00,6.495392141346758574e-01
-4.807703089199059576e+01,5.169895460220497174e-01,3.619876305125089289e+00,6.397568167829540409e-01
-4.804505648249509875e+01,4.493895139251964932e-01,3.656068005060078452e+00,6.373558480600232112e-01
-4.800989895145644937e+01,3.833884846144675618e-01,3.684288929160984161e+00,6.447310376521049324e-01
-4.797160305454466567e+01,3.191579825267538695e-01,3.708516940523032268e+00,6.442629108432347262e-01
-4.793026026559784469e+01,2.568461452894403307e-01,3.731161544237135530e+00,6.393494760150633116e-01
-4.788598772453901375e+01,1.965799077837956377e-01,3.753669715884051961e+00,6.145550871960878681e-01
-4.783899364763806972e+01,1.384093016853890357e-01,3.784154430819373083e+00,5.848468012792571447e-01
-4.778950203197826596e+01,8.234797816590605501e-02,3.823012474473943989e+00,5.499936473187728714e-01
-4.773774739448835192e+01,2.836776423133726202e-02,3.867369303838047223e+00,5.456203827647594373e-01
-4.768383433001318394e+01,-2.345741548826801165e-02,3.911223359593236193e+00,5.141263145890810904e-01
-4.762796963845536879e+01,-7.317261461133428568e-02,3.957206251255940277e+00,5.145134926640106965e-01
-4.757023418960043415e+01,-1.207029474823891613e-01,4.002661123879245331e+00,4.981222846026041040e-01
-4.751076920032117101e+01,-1.660506832324110393e-01,4.043860460221726960e+00,5.016134096318911606e-01
-4.744964566658538274e+01,-2.091371580607584435e-01,4.084644368681519921e+00,4.902077560149671331e-01
-4.738698441413486506e+01,-2.499551054206207157e-01,4.125608407597517235e+00,4.803425823498990721e-01
-4.732289763637757574e+01,-2.884971568784627793e-01,4.166221827347806439e+00,4.598758409250559009e-01
-4.725752369451613788e+01,-3.248134470810404295e-01,4.211055648858590850e+00,4.473525268632952412e-01
-4.719097151644631793e+01,-3.589234498221087200e-01,4.256517733361739886e+00,4.294231040486043982e-01
-4.712335854034766669e+01,-3.908794862069726594e-01,4.304823781317344000e+00,4.169413984981558685e-01
-4.705478205392861923e+01,-4.207126745687125302e-01,4.353694900976184279e+00,4.016419079586496244e-01
-4.698534061132455975e+01,-4.484733326334027215e-01,4.404304573769849185e+00,3.898710060621225493e-01
-4.691511925704781305e+01,-4.741982716038440904e-01,4.455295063721876225e+00,3.774834917023570657e-01
-4.684419980832629449e+01,-4.979312175183724376e-01,4.507008706071360393e+00,3.663581059706387810e-01
-4.677265667409150751e+01,-5.197128128951851167e-01,4.559049524576320067e+00,3.569019056742610552e-01
-4.670055774456072584e+01,-5.395776139448646980e-01,4.610897593732899757e+00,3.438982000535518724e-01
-4.662797165060498372e+01,-5.575820792937261627e-01,4.663946367008005467e+00,3.362164029424880018e-01
-4.655495582819866485e+01,-5.737561834877450417e-01,4.716398547160321364e+00,3.203696640045634592e-01
-4.648157330673416965e+01,-5.881766701591405466e-01,4.770622129027971781e+00,3.149800469811896986e-01
-4.640787143612763543e+01,-6.008649242682201352e-01,4.824236345906038004e+00,2.966387635583346838e-01
-4.633390607980688003e+01,-6.119153489870414742e-01,4.879929807956426835e+00,2.936705051213865381e-01
-4.625971580762328017e+01,-6.213389487820145662e-01,4.934994859145561463e+00,2.733476186358604898e-01
